observation_date,core_CPI_percent_change,core_CPI_annualised_percent_change,core_CPI_yearly_percent_change,core_CPI_annualised_quarterly_percent_change,10Y_Treasury_rate,log_industrial_production,PPI_commodity,3M_Treasury_rate,unemployment_rate
01/01/1913,,,,,,,,,
01/02/1913,,,,,,,,,
01/03/1913,,,,,,,,,
01/04/1913,,,,,,,,,
01/05/1913,,,,,,,,,
01/06/1913,,,,,,,,,
01/07/1913,,,,,,,,,
01/08/1913,,,,,,,,,
01/09/1913,,,,,,,,,
01/10/1913,,,,,,,,,
01/11/1913,,,,,,,,,
01/12/1913,,,,,,,,,
01/01/1914,,,,,,,-2.47934,,
01/02/1914,,,,,,,-1.66667,,
01/03/1914,,,,,,,-2.5,,
01/04/1914,,,,,,,-2.5,,
01/05/1914,,,,,,,-2.52101,,
01/06/1914,,,,,,,-2.52101,,
01/07/1914,,,,,,,-3.33333,,
01/08/1914,,,,,,,0,,
01/09/1914,,,,,,,-0.81967,,
01/10/1914,,,,,,,-4.09836,,
01/11/1914,,,,,,,-3.30579,,
01/12/1914,,,,,,,-2.52101,,
01/01/1915,,,,,,,0,,
01/02/1915,,,,,,,0,,
01/03/1915,,,,,,,0.8547,,
01/04/1915,,,,,,,0.8547,,
01/05/1915,,,,,,,2.58621,,
01/06/1915,,,,,,,1.72414,,
01/07/1915,,,,,,,2.58621,,
01/08/1915,,,,,,,-1.66667,,
01/09/1915,,,,,,,-2.47934,,
01/10/1915,,,,,,,3.4188,,
01/11/1915,,,,,,,5.12821,,
01/12/1915,,,,,,,10.34483,,
01/01/1916,,,,,,,12.71186,,
01/02/1916,,,,,,,14.40678,,
01/03/1916,,,,,,,17.79661,,
01/04/1916,,,,,,,19.49153,,
01/05/1916,,,,,,,19.32773,,
01/06/1916,,,,,,,21.18644,,
01/07/1916,,,,,,,21.0084,,
01/08/1916,,,,,,,24.57627,,
01/09/1916,,,,,,,27.11864,,
01/10/1916,,,,,,,29.75207,,
01/11/1916,,,,,,,36.58537,,
01/12/1916,,,,,,,33.59375,,
01/01/1917,,,,,,,32.33083,,
01/02/1917,,,,,,,33.33333,,
01/03/1917,,,,,,,33.09353,,
01/04/1917,,,,,,,39.71631,,
01/05/1917,,,,,,,46.47887,,
01/06/1917,,,,,,,46.85315,,
01/07/1917,,,,,,,47.22222,,
01/08/1917,,,,,,,46.2585,,
01/09/1917,,,,,,,42,,
01/10/1917,,,,,,,34.3949,,
01/11/1917,,,,,,,26.19048,,
01/12/1917,,,,,,,23.97661,,
01/01/1918,,,,,,,22.72727,,
01/02/1918,,,,,,,17.22222,,
01/03/1918,,,,,,,17.83784,,
01/04/1918,,,,,,,12.18274,,
01/05/1918,,,,,,,6.25,,
01/06/1918,,,,,,,5.71429,,
01/07/1918,,,,,,,7.07547,,
01/08/1918,,,,,,,7.90698,,
01/09/1918,,,,,,,11.26761,,
01/10/1918,,,,,,,11.37441,,
01/11/1918,,,,,,,10.84906,,
01/12/1918,,,,,,,10.84906,,
01/01/1919,,,,,,1.58215,7.40741,,
01/02/1919,,,,,,1.53695,6.16114,,
01/03/1919,,,,,,1.50763,3.66972,,
01/04/1919,,,,,,1.52532,3.61991,,
01/05/1919,,,,,,1.53115,5.42986,,
01/06/1919,,,,,,1.59315,5.40541,,
01/07/1919,,,,,,1.65152,7.04846,,
01/08/1919,,,,,,1.66686,7.32759,,
01/09/1919,,,,,,1.64635,2.53165,,
01/10/1919,,,,,,1.63592,3.82979,,
01/11/1919,,,,,,1.6201,5.95745,,
01/12/1919,,,,,,1.63592,10.6383,,
01/01/1920,,,,,,1.72599,17.24138,,
01/02/1920,,,,,,1.72599,20.98214,,
01/03/1920,,,,,,1.70667,20.79646,,
01/04/1920,,,,,,1.65152,24.45415,,
01/05/1920,,,,,,1.67697,23.60515,,
01/06/1920,,,,,,1.68695,22.64957,,
01/07/1920,,,,,,1.66176,17.69547,,
01/08/1920,,,,,,1.66686,11.64659,,
01/09/1920,,,,,,1.63067,10.28807,,
01/10/1920,,,,,,1.58766,2.04918,,
01/11/1920,,,,,,1.50165,-7.63052,,
01/12/1920,,,,,,1.43991,-20,,
01/01/1921,,,,,,1.38088,-27.94118,,
01/02/1921,,,,,,1.36039,-33.21033,,
01/03/1921,,,,,,1.33242,-35.16484,,
01/04/1921,,,,,,1.33242,-40.35088,,
01/05/1921,,,,,,1.36039,-42.36111,,
01/06/1921,,,,,,1.35346,-43.90244,,
01/07/1921,,,,,,1.34649,-43.70629,,
01/08/1921,,,,,,1.38088,-42.08633,,
01/09/1921,,,,,,1.38759,-39.92537,,
01/10/1921,,,,,,1.44626,-34.93976,,
01/11/1921,,,,,,1.43351,-29.56522,,
01/12/1921,,,,,,1.42708,-23.07692,,
01/01/1922,,,,,,1.46506,-19.89796,,
01/02/1922,,,,,,1.50763,-11.60221,,
01/03/1922,,,,,,1.55981,-9.60452,,
01/04/1922,,,,,,1.52532,-5.29412,,
01/05/1922,,,,,,1.5766,0,,
01/06/1922,,,,,,1.62541,3.10559,,
01/07/1922,,,,,,1.62541,6.21118,,
01/08/1922,,,,,,1.604,5.59006,,
01/09/1922,,,,,,1.65665,6.21118,,
01/10/1922,,,,,,1.71153,6.17284,,
01/11/1922,,,,,,1.7543,6.79012,,
01/12/1922,,,,,,1.78181,8.125,,
01/01/1923,,,,,,1.75893,12.10191,,
01/02/1923,,,,,,1.77273,11.25,,
01/03/1923,,,,,,1.8042,12.5,,
01/04/1923,,,,,,1.82608,11.18012,,
01/05/1923,,,,,,1.83898,5.42169,,
01/06/1923,,,,,,1.83039,4.21687,,
01/07/1923,,,,,,1.82174,-0.5848,,
01/08/1923,,,,,,1.8042,-0.58824,,
01/09/1923,,,,,,1.78181,0.5848,,
01/10/1923,,,,,,1.77729,-0.5814,,
01/11/1923,,,,,,1.77729,-1.7341,,
01/12/1923,,,,,,1.7543,-2.31214,,
01/01/1924,,,,,,1.77729,-2.27273,,
01/02/1924,,,,,,1.7953,-3.37079,,
01/03/1924,,,,,,1.77729,-5.55556,,
01/04/1924,,,,,,1.74495,-6.70391,,
01/05/1924,,,,,,1.70178,-5.71429,,
01/06/1924,,,,,,1.65665,-5.20231,,
01/07/1924,,,,,,1.64115,-2.94118,,
01/08/1924,,,,,,1.67697,-1.18343,,
01/09/1924,,,,,,1.71153,-2.90698,,
01/10/1924,,,,,,1.73551,-1.16959,,
01/11/1924,,,,,,1.7543,0.58824,,
01/12/1924,,,,,,1.78181,3.5503,,
01/01/1925,,,,,,1.813,2.90698,,
01/02/1925,,,,,,1.813,4.06977,,
01/03/1925,,,,,,1.813,5.29412,,
01/04/1925,,,,,,1.82174,4.79042,,
01/05/1925,,,,,,1.81738,6.06061,,
01/06/1925,,,,,,1.8086,7.92683,,
01/07/1925,,,,,,1.83469,9.09091,,
01/08/1925,,,,,,1.81738,7.18563,,
01/09/1925,,,,,,1.8042,6.58683,,
01/10/1925,,,,,,1.84324,5.32544,,
01/11/1925,,,,,,1.8643,5.26316,,
01/12/1925,,,,,,1.87671,1.71429,,
01/01/1926,,,,,,1.86012,0.56497,,
01/02/1926,,,,,,1.86012,-1.67598,,
01/03/1926,,,,,,1.87259,-3.35196,,
01/04/1926,,,,,,1.87259,-1.14286,,
01/05/1926,,,,,,1.8643,-1.14286,,
01/06/1926,,,,,,1.87671,-2.25989,,
01/07/1926,,,,,,1.88082,-5,,
01/08/1926,,,,,,1.89305,-4.46927,,
01/09/1926,,,,,,1.90911,-3.37079,,
01/10/1926,,,,,,1.90911,-3.93258,,
01/11/1926,,,,,,1.90512,-5.55556,,
01/12/1926,,,,,,1.90111,-5.05618,,
01/01/1927,,,,,,1.89708,-7.86517,,
01/02/1927,,,,,,1.90512,-5.68182,,
01/03/1927,,,,,,1.91704,-4.62428,,
01/04/1927,,,,,,1.89305,-5.78035,,
01/05/1927,,,,,,1.90111,-6.35838,,
01/06/1927,,,,,,1.89708,-6.35838,,
01/07/1927,,,,,,1.88492,-5.26316,,
01/08/1927,,,,,,1.88492,-4.09357,,
01/09/1927,,,,,,1.86846,-3.48837,,
01/10/1927,,,,,,1.84749,-2.33918,,
01/11/1927,,,,,,1.84749,-2.35294,,
01/12/1927,,,,,,1.85171,-1.77515,,
01/01/1928,,,,,,1.87259,1.21951,,
01/02/1928,,,,,,1.88082,-0.60241,,
01/03/1928,,,,,,1.88899,0,,
01/04/1928,,,,,,1.88492,2.45399,,
01/05/1928,,,,,,1.89708,3.7037,,
01/06/1928,,,,,,1.90512,3.08642,,
01/07/1928,,,,,,1.91704,3.7037,,
01/08/1928,,,,,,1.93661,2.43902,,
01/09/1928,,,,,,1.94434,2.40964,,
01/10/1928,,,,,,1.96339,0,,
01/11/1928,,,,,,1.98208,-0.60241,,
01/12/1928,,,,,,2.00043,-0.60241,,
01/01/1929,,,,,,2.01486,-0.60241,,
01/02/1929,,,,,,2.01127,-0.60606,,
01/03/1929,,,,,,2.01486,0.60606,,
01/04/1929,,,,,,2.03263,-1.1976,,
01/05/1929,,,,,,2.05008,-2.97619,,
01/06/1929,,,,,,2.05698,-1.79641,,
01/07/1929,,,,,,2.07063,-1.19048,,
01/08/1929,,,,,,2.06041,-1.19048,,
01/09/1929,,,,,,2.05353,-2.35294,,
01/10/1929,,,,,,2.03614,-1.79641,,
01/11/1929,,,,,,1.98578,-2.42424,,
01/12/1929,,,,,,1.94048,-2.42424,,
01/01/1930,,,,,,1.94048,-3.63636,,
01/02/1930,,,,,,1.93661,-4.26829,,
01/03/1930,,,,,,1.92099,-6.62651,,
01/04/1930,,,,,,1.91309,-6.06061,,
01/05/1930,,,,,,1.89708,-6.13497,,
01/06/1930,,,,,,1.86846,-8.53659,,
01/07/1930,,,,,,1.82174,-12.6506,,
01/08/1930,,,,,,1.79976,-12.6506,,
01/09/1930,,,,,,1.78181,-12.6506,,
01/10/1930,,,,,,1.7543,-12.80488,,
01/11/1930,,,,,,1.73077,-13.04348,,
01/12/1930,,,,,,1.70667,-14.90683,,
01/01/1931,,,,,,1.70178,-15.09434,,
01/02/1931,,,,,,1.70667,-15.92357,,
01/03/1931,,,,,,1.72599,-15.48387,,
01/04/1931,,,,,,1.73077,-16.77419,,
01/05/1931,,,,,,1.71637,-17.64706,,
01/06/1931,,,,,,1.69192,-17.33333,,
01/07/1931,,,,,,1.67697,-14.48276,,
01/08/1931,,,,,,1.64115,-14.48276,,
01/09/1931,,,,,,1.59315,-15.17241,,
01/10/1931,,,,,,1.55414,-15.38462,,
01/11/1931,,,,,,1.5427,-13.57143,,
01/12/1931,,,,,,1.53695,-13.86861,,
01/01/1932,,,,,,1.50763,-14.07407,,
01/02/1932,,,,,,1.48351,-13.63636,,
01/03/1932,,,,,,1.47126,-12.9771,,
01/04/1932,,,,,,1.40094,-12.4031,,
01/05/1932,,,,,,1.36726,-11.90476,,
01/06/1932,,,,,,1.33242,-11.29032,,
01/07/1932,,,,,,1.30365,-10.48387,,
01/08/1932,,,,,,1.33242,-9.67742,,
01/09/1932,,,,,,1.39429,-8.13008,,
01/10/1932,,,,,,1.42708,-8.26446,,
01/11/1932,,,,,,1.42708,-9.09091,,
01/12/1932,,,,,,1.40754,-8.47458,,
01/01/1933,,,,,,1.38759,-9.48276,,
01/02/1933,,,,,,1.39429,-9.64912,,
01/03/1933,,,,,,1.33242,-8.77193,,
01/04/1933,,,,,,1.40094,-7.9646,,
01/05/1933,,,,,,1.55414,-2.7027,,
01/06/1933,,,,,,1.69686,1.81818,,
01/07/1933,,,,,,1.78633,7.20721,,
01/08/1933,,,,,,1.74495,7.14286,,
01/09/1933,,,,,,1.68695,7.9646,,
01/10/1933,,,,,,1.63592,10.81081,,
01/11/1933,,,,,,1.5766,11.81818,,
01/12/1933,,,,,,1.58215,12.96296,,
01/01/1934,,,,,,1.61476,18.09524,0.72,
01/02/1934,,,,,,1.66176,23.30097,0.62,
01/03/1934,,,,,,1.70667,22.11538,0.24,
01/04/1934,,,,,,1.70667,22.11538,0.15,
01/05/1934,,,,,,1.72599,17.59259,0.16,
01/06/1934,,,,,,1.70667,15.17857,0.15,
01/07/1934,,,,,,1.63592,8.40336,0.15,
01/08/1934,,,,,,1.62541,10,0.19,
01/09/1934,,,,,,1.56544,9.83607,0.21,
01/10/1934,,,,,,1.6094,7.31707,0.27,
01/11/1934,,,,,,1.6201,7.31707,0.25,
01/12/1934,,,,,,1.68196,9.01639,0.23,
01/01/1935,,,,,,1.75893,9.67742,0.2,
01/02/1935,,,,,,1.77729,7.87402,0.19,
01/03/1935,,,,,,1.77273,7.87402,0.15,
01/04/1935,,,,,,1.7543,8.66142,0.15,
01/05/1935,,,,,,1.7543,8.66142,0.15,
01/06/1935,,,,,,1.76815,6.97674,0.15,
01/07/1935,,,,,,1.76815,6.20155,0.15,
01/08/1935,,,,,,1.80418,5.30303,0.16,
01/09/1935,,,,,,1.83039,3.73134,0.2,
01/10/1935,,,,,,1.86012,5.30303,0.2,
01/11/1935,,,,,,1.88082,5.30303,0.16,
01/12/1935,,,,,,1.89304,5.26316,0.15,
01/01/1936,,,,,,1.87671,2.20588,0.2,
01/02/1936,,,,,,1.85171,1.45985,0.2,
01/03/1936,,,,,,1.8643,0,0.2,
01/04/1936,,,,,,1.92492,-0.72464,0.2,
01/05/1936,,,,,,1.94434,-2.17391,0.2,
01/06/1936,,,,,,1.96339,-0.72464,0.2,
01/07/1936,,,,,,1.98208,1.45985,0.15,
01/08/1936,,,,,,1.99678,0.71942,0.2,
01/09/1936,,,,,,2.01486,0.71942,0.16,
01/10/1936,,,,,,2.02911,0.71942,0.13,
01/11/1936,,,,,,2.05698,2.15827,0.11,
01/12/1936,,,,,,2.08743,3.57143,0.12,
01/01/1937,,,,,,2.08409,6.47482,0.17,
01/02/1937,,,,,,2.09739,7.19424,0.15,
01/03/1937,,,,,,2.12022,10.21898,0.38,
01/04/1937,,,,,,2.12022,10.94891,0.56,
01/05/1937,,,,,,2.12345,11.85185,0.41,
01/06/1937,,,,,,2.1105,9.48905,0.36,
01/07/1937,,,,,,2.117,9.35252,0.28,
01/08/1937,,,,,,2.1105,7.85714,0.29,
01/09/1937,,,,,,2.07739,7.85714,0.31,
01/10/1937,,,,,,2.00043,5,0.2,
01/11/1937,,,,,,1.89708,1.40845,0.09,
01/12/1937,,,,,,1.80418,-2.75862,0.11,
01/01/1938,,,,,,1.78181,-5.40541,0.1,
01/02/1938,,,,,,1.77273,-7.38255,0.08,
01/03/1938,,,,,,1.77273,-9.27152,0.08,
01/04/1938,,,,,,1.7543,-11.18421,0.09,
01/05/1938,,,,,,1.73077,-10.59603,0.05,
01/06/1938,,,,,,1.74024,-10,0.05,
01/07/1938,,,,,,1.7953,-10.52632,0.07,
01/08/1938,,,,,,1.84749,-11.25828,0.06,
01/09/1938,,,,,,1.87671,-10.59603,0.08,
01/10/1938,,,,,,1.90111,-8.84354,0.05,
01/11/1938,,,,,,1.94048,-6.94444,0.04,
01/12/1938,,,,,,1.95201,-5.67376,0.03,
01/01/1939,,,,,,1.95201,-5,0.03,
01/02/1939,,,,,,1.9596,-3.62319,0.03,
01/03/1939,,,,,,1.96339,-3.64964,0.03,
01/04/1939,,,,,,1.9596,-2.96296,0.03,
01/05/1939,,,,,,1.9558,-2.96296,0.03,
01/06/1939,,,,,,1.97836,-3.7037,0.03,
01/07/1939,,,,,,2.00768,-4.41176,0.04,
01/08/1939,,,,,,2.02201,-3.73134,0.05,
01/09/1939,,,,,,2.08075,0.74074,0.14,
01/10/1939,,,,,,2.12986,2.23881,0.05,
01/11/1939,,,,,,2.15509,1.49254,0.05,
01/12/1939,,,,,,2.15509,3.00752,0.04,
01/01/1940,,,,,,2.14256,3.00752,0.01,
01/02/1940,,,,,,2.1105,2.25564,0.02,
01/03/1940,,,,,,2.08743,2.27273,0.02,
01/04/1940,,,,,,2.10724,3.05344,0.02,
01/05/1940,,,,,,2.13622,3.05344,0.06,
01/06/1940,,,,,,2.16748,3.07692,0.1,
01/07/1940,,,,,,2.17972,3.07692,0.05,
01/08/1940,,,,,,2.18577,3.87597,0.04,
01/09/1940,,,,,,2.2067,-1.47059,0.05,
01/10/1940,,,,,,2.22139,-0.72993,0.02,
01/11/1940,,,,,,2.24444,0.73529,0.02,
01/12/1940,,,,,,2.27806,0.72993,0.02,
01/01/1941,,,,,,2.30255,1.45985,0.02,
01/02/1941,,,,,,2.33169,2.20588,0.04,
01/03/1941,,,,,,2.36254,3.7037,0.11,
01/04/1941,,,,,,2.36507,6.66667,0.1,
01/05/1941,,,,,,2.40952,8.14815,0.11,
01/06/1941,,,,,,2.41674,11.9403,0.12,
01/07/1941,,,,,,2.42866,14.1791,0.12,
01/08/1941,,,,,,2.44044,16.41791,0.13,
01/09/1941,,,,,,2.44044,17.91045,0.1,
01/10/1941,,,,,,2.44976,16.91176,0.09,
01/11/1941,,,,,,2.4544,16.05839,0.28,
01/12/1941,,,,,,2.47043,17.3913,0.33,
01/01/1942,,,,,,2.49068,18.70504,0.27,
01/02/1942,,,,,,2.50834,20.14388,0.25,
01/03/1942,,,,,,2.51922,20,0.25,
01/04/1942,,,,,,2.49068,18.05556,0.32,
01/05/1942,,,,,,2.4929,16.43836,0.37,
01/06/1942,,,,,,2.49512,13.33333,0.37,
01/07/1942,,,,,,2.51922,11.11111,0.38,
01/08/1942,,,,,,2.54907,9.61538,0.38,
01/09/1942,,,,,,2.57192,8.86076,0.38,
01/10/1942,,,,,,2.60424,8.1761,0.38,
01/11/1942,,,,,,2.62782,8.80503,0.38,
01/12/1942,,,,,,2.65086,7.40741,0.38,
01/01/1943,,,,,,2.6603,6.06061,0.38,
01/02/1943,,,,,,2.68627,5.98802,0.38,
01/03/1943,,,,,,2.69357,5.95238,0.38,
01/04/1943,,,,,,2.70622,5.29412,0.38,
01/05/1943,,,,,,2.71338,5.29412,0.38,
01/06/1943,,,,,,2.70802,5.29412,0.38,
01/07/1943,,,,,,2.73802,4.70588,0.38,
01/08/1943,,,,,,2.75868,4.09357,0.38,
01/09/1943,,,,,,2.78391,3.48837,0.38,
01/10/1943,,,,,,2.79875,3.48837,0.38,
01/11/1943,,,,,,2.81176,2.31214,0.38,
01/12/1943,,,,,,2.79875,2.29885,0.38,
01/01/1944,,,,,,2.81014,1.71429,0.38,
01/02/1944,,,,,,2.8182,0.56497,0.38,
01/03/1944,,,,,,2.81659,0.5618,0.38,
01/04/1944,,,,,,2.81659,0,0.38,
01/05/1944,,,,,,2.81014,0,0.38,
01/06/1944,,,,,,2.8069,0.55866,0.38,
01/07/1944,,,,,,2.80528,0.5618,0.38,
01/08/1944,,,,,,2.8182,0.5618,0.38,
01/09/1944,,,,,,2.81176,0.5618,0.38,
01/10/1944,,,,,,2.81499,0.5618,0.38,
01/11/1944,,,,,,2.8069,1.69492,0.38,
01/12/1944,,,,,,2.80365,1.1236,0.38,
01/01/1945,,,,,,2.79383,1.68539,0.38,
01/02/1945,,,,,,2.79053,1.68539,0.38,
01/03/1945,,,,,,2.78391,1.11732,0.38,
01/04/1945,,,,,,2.76547,1.67598,0.38,
01/05/1945,,,,,,2.73802,2.23464,0.38,
01/06/1945,,,,,,2.71516,1.66667,0.38,
01/07/1945,,,,,,2.69176,2.23464,0.38,
01/08/1945,,,,,,2.58213,1.67598,0.38,
01/09/1945,,,,,,2.48845,1.11732,0.38,
01/10/1945,,,,,,2.44744,1.67598,0.38,
01/11/1945,,,,,,2.48397,2.22222,0.38,
01/12/1945,,,,,,2.48845,2.22222,0.38,
01/01/1946,,,,,,2.43103,1.65746,0.38,
01/02/1946,,,,,,2.38011,2.20994,0.38,
01/03/1946,,,,,,2.47948,3.8674,0.38,
01/04/1946,,,,,,2.4613,4.3956,0.38,
01/05/1946,,,,,,2.42391,4.37158,0.38,
01/06/1946,,,,,,2.48397,6.01093,0.38,
01/07/1946,,,,,,2.51705,17.48634,0.38,
01/08/1946,,,,,,2.55327,21.97802,0.38,
01/09/1946,,,,,,2.57192,18.23204,0.38,
01/10/1946,,,,,,2.59023,26.92308,0.38,
01/11/1946,,,,,,2.59626,30.97826,0.38,
01/12/1946,,,,,,2.60225,32.06522,0.38,
01/01/1947,,,,,,2.61414,33.15217,0.38,
01/02/1947,,,,,,2.62003,33.51351,0.38,
01/03/1947,,,,,,2.62588,34.57447,0.38,
01/04/1947,,,,,,2.61807,32.10526,0.38,
01/05/1947,,,,,,2.62198,30.89005,0.38,
01/06/1947,,,,,,2.62198,28.86598,0.38,
01/07/1947,,,,,,2.6161,17.67442,0.66,
01/08/1947,,,,,,2.62198,15.31532,0.75,
01/09/1947,,,,,,2.62976,21.96262,0.8,
01/10/1947,,,,,,2.63941,14.28571,0.85,
01/11/1947,,,,,,2.65275,10.78838,0.92,
01/12/1947,,,,,,2.65653,11.93416,0.95,
01/01/1948,,,,,,2.66217,13.06122,0.97,3.4
01/02/1948,,,,,,2.66405,10.12146,1,3.8
01/03/1948,,,,,,2.65276,7.50988,1,4
01/04/1948,,,,,,2.65464,9.16335,1,3.9
01/05/1948,,,,,,2.67151,10,1,3.5
01/06/1948,,,,,,2.68444,10.8,1,3.6
01/07/1948,,,,,,2.68444,10.67194,1,3.6
01/08/1948,,,,,,2.68076,10.15625,1.06,3.9
01/09/1948,,,,,,2.67337,7.66284,1.09,3.8
01/10/1948,,,,,,2.68077,5.30303,1.12,3.7
01/11/1948,,,,,,2.66779,4.11985,1.14,3.8
01/12/1948,,,,,,2.65842,1.47059,1.16,4
01/01/1949,,,,,,2.64896,-1.44404,1.17,4.3
01/02/1949,,,,,,2.63941,-1.47059,1.17,4.7
01/03/1949,,,,,,2.62003,-1.47059,1.17,5
01/04/1949,,,,,,2.61414,-3.28467,1.17,5.3
01/05/1949,,,,,,2.60026,-4.36364,1.17,6.1
01/06/1949,,,,,,2.59827,-6.13718,1.17,6.2
01/07/1949,,,,,,2.59626,-7.14286,1.02,6.7
01/08/1949,,,,,,2.60623,-7.80142,1.04,6.8
01/09/1949,,,,,,2.6161,-7.11744,1.07,6.6
01/10/1949,,,,,,2.57806,-6.47482,1.05,7.9
01/11/1949,,,,,,2.60424,-6.47482,1.08,6.4
01/12/1949,,,,,,2.62198,-6.15942,1.1,6.6
01/01/1950,,,,,,2.63941,-5.12821,1.07,6.5
01/02/1950,,,,,,2.64323,-2.61194,1.12,6.4
01/03/1950,,,,,,2.67522,-2.61194,1.12,6.3
01/04/1950,,,,,,2.70802,-1.50943,1.15,5.8
01/05/1950,,,,,,2.73104,0.38023,1.16,5.5
01/06/1950,,,,,,2.76038,2.30769,1.15,5.4
01/07/1950,,,,,,2.79218,5,1.16,5
01/08/1950,,,,,,2.82301,7.30769,1.2,4.5
01/09/1950,,,,,,2.81659,8.81226,1.3,4.4
01/10/1950,,,,,,2.823,10,1.31,4.2
01/11/1950,,,,,,2.82141,11.53846,1.36,4.2
01/12/1950,,,,,,2.83886,14.67181,1.34,4.3
01/01/1951,,,,,,2.84199,17.76062,1.34,3.7
01/02/1951,,,,,,2.84825,18.3908,1.36,3.4
01/03/1951,,,,,,2.85291,18.3908,1.4,3.4
01/04/1951,,,,,,2.85446,18.00766,1.47,3.1
01/05/1951,,,,,,2.85135,16.28788,1.55,3
01/06/1951,,,,,,2.84669,14.66165,1.45,3.2
01/07/1951,,,,,,2.83096,10.98901,1.56,3.1
01/08/1951,,,,,,2.82141,7.8853,1.62,3.1
01/09/1951,,,,,,2.82779,5.98592,1.63,3.3
01/10/1951,,,,,,2.82619,5.24476,1.54,3.5
01/11/1951,,,,,,2.83412,3.7931,1.56,3.5
01/12/1951,,,,,,2.84042,1.3468,1.73,3.1
01/01/1952,,,,,,2.85135,-1.63934,1.57,3.2
01/02/1952,,,,,,2.85754,-3.55987,1.54,3.1
01/03/1952,,,,,,2.86063,-3.55987,1.59,2.9
01/04/1952,,,,,,2.85135,-3.8961,1.57,2.9
01/05/1952,,,,,,2.84199,-3.58306,1.67,3
01/06/1952,,,,,,2.83254,-3.27869,1.7,3
01/07/1952,,,,,,2.81659,-2.31023,1.81,3.2
01/08/1952,,,,,,2.87892,-0.99668,1.83,3.4
01/09/1952,,,,,,2.91453,-1.66113,1.71,3.1
01/10/1952,,,,,,2.92469,-1.99336,1.74,3
01/11/1952,,,,,,2.94469,-2.65781,1.85,2.8
01/12/1952,,,,,,2.95033,-3.32226,2.09,2.7
01/01/1953,,,,,,2.95314,-3,1.96,2.9
01/02/1953,,,,,,2.95873,-2.34899,1.97,2.6
01/03/1953,,,,,,2.96707,-2.01342,2.01,2.6
01/04/1953,,,,,2.83,2.9712,-2.02703,2.19,2.7
01/05/1953,,,,,3.05,2.9767,-1.68919,2.16,2.5
01/06/1953,,,,,3.11,2.97258,-1.69492,2.11,2.5
01/07/1953,,,,,2.93,2.98488,-0.67568,2.04,2.6
01/08/1953,,,,,2.95,2.97944,-1.67785,2.04,2.7
01/09/1953,,,,,2.87,2.95873,-0.67568,1.79,2.9
01/10/1953,,,,,2.66,2.95033,-1.01695,1.38,3.1
01/11/1953,,,,,2.68,2.92613,-0.68259,1.44,3.5
01/12/1953,,,,,2.59,2.90133,0.34364,1.6,4.5
01/01/1954,,,,,2.48,2.89392,1.03093,1.18,4.9
01/02/1954,,,,,2.47,2.89688,0.68729,0.97,5.2
01/03/1954,,,,,2.37,2.89093,0.34247,1.03,5.7
01/04/1954,,,,,2.29,2.88495,1.37931,0.97,5.9
01/05/1954,,,,,2.37,2.89093,1.03093,0.76,5.9
01/06/1954,,,,,2.38,2.89392,0.68966,0.64,5.6
01/07/1954,,,,,2.3,2.8954,-0.34014,0.72,5.8
01/08/1954,,,,,2.36,2.89392,0,0.92,6
01/09/1954,,,,,2.38,2.8954,-0.68027,1.01,6.1
01/10/1954,,,,,2.43,2.90722,-0.34247,0.98,5.7
01/11/1954,,,,,2.48,2.92324,0.34364,0.93,5.3
01/12/1954,,,,,2.51,2.93616,-0.68493,1.15,5
01/01/1955,,,,,2.61,2.95873,-0.68027,1.22,4.9
01/02/1955,,,,,2.65,2.9712,0,1.17,4.7
01/03/1955,,,,,2.68,2.99435,-0.3413,1.28,4.6
01/04/1955,,,,,2.75,3.00639,-0.34014,1.59,4.7
01/05/1955,,,,,2.76,3.02222,-1.02041,1.45,4.3
01/06/1955,,,,,2.78,3.02353,0.34247,1.41,4.2
01/07/1955,,,,,2.9,3.03135,0,1.6,4
01/08/1955,,,,,2.97,3.03005,0.3413,1.9,4.2
01/09/1955,,,,,2.97,3.03652,1.36986,2.07,4.1
01/10/1955,,,,,2.88,3.05315,1.71821,2.23,4.3
01/11/1955,,,,,2.89,3.05569,1.0274,2.24,4.2
01/12/1955,,,,,2.96,3.05948,1.72414,2.54,4.2
01/01/1956,,,,,2.9,3.06576,1.71233,2.41,4
01/02/1956,,,,,2.84,3.05695,1.70648,2.32,3.9
01/03/1956,,,,,2.96,3.05695,2.39726,2.25,4.2
01/04/1956,,,,,3.18,3.06451,2.73038,2.6,4
01/05/1956,,,,,3.07,3.05569,4.12371,2.61,4.3
01/06/1956,,,,,3,3.04679,3.41297,2.49,4.3
01/07/1956,,,,,3.11,3.01566,3.07167,2.31,4.4
01/08/1956,,,,,3.33,3.05569,3.40136,2.6,4.1
01/09/1956,,,,,3.38,3.07822,3.37838,2.84,3.9
01/10/1956,,,,,3.34,3.08684,3.37838,2.9,3.9
01/11/1956,,,,,3.49,3.07822,4.0678,2.99,4.3
01/12/1956,,,,,3.59,3.09296,4.40678,3.21,4.2
01/01/1957,,,,,3.46,3.0893,4.3771,3.11,4.2
01/02/1957,,,,,3.34,3.09904,4.02685,3.1,3.9
01/03/1957,,,,,3.41,3.09783,3.67893,3.08,3.7
01/04/1957,,,,,3.48,3.08439,3.32226,3.07,3.9
01/05/1957,,,,,3.6,3.08069,2.31023,3.06,4.1
01/06/1957,,,,,3.8,3.08316,2.64026,3.29,4.3
01/07/1957,,,,,3.93,3.0893,3.64238,3.16,4.2
01/08/1957,,,,,3.93,3.0893,3.28947,3.37,4.1
01/09/1957,,,,,3.92,3.08069,2.28758,3.53,4.4
01/10/1957,,,,,3.97,3.06576,1.96078,3.58,4.5
01/11/1957,,,,,3.72,3.04167,1.9544,3.31,5.1
01/12/1957,,,,,3.21,3.02222,1.94805,3.04,5.2
01/01/1958,,,,,3.09,3.00373,1.6129,2.44,5.8
01/02/1958,,,,,3.05,2.98217,1.6129,1.53,6.4
01/03/1958,,,,,2.98,2.96982,2.25806,1.3,6.7
01/04/1958,,,,,2.88,2.95314,1.60772,1.13,7.4
01/05/1958,,,,,2.92,2.9629,2.25806,0.91,7.4
01/06/1958,,,,,2.97,2.98895,1.60772,0.83,7.3
01/07/1958,,,,,3.2,3.00373,0.95847,0.91,7.5
01/08/1958,,,,,3.54,3.02353,0.63694,1.69,7.4
01/09/1958,,,,,3.76,3.03264,0.95847,2.44,7.1
01/10/1958,,,,,3.8,3.04423,0.96154,2.63,6.7
01/11/1958,,,,,3.74,3.07325,0.95847,2.67,6.2
01/12/1958,,,,,3.86,3.0745,0.63694,2.77,6.2
01/01/1959,,,,,4.02,3.0893,0.63492,2.82,6
01/02/1959,,,,,3.96,3.10869,0.63492,2.7,5.9
01/03/1959,,,,,3.99,3.12299,0,2.8,5.6
01/04/1959,,,,,4.12,3.14407,0.63291,2.95,5.2
01/05/1959,,,,,4.31,3.15902,0.31546,2.84,5.1
01/06/1959,,,,,4.34,3.16016,0.31646,3.21,5
01/07/1959,,,,,4.4,3.13592,0.31646,3.2,5.1
01/08/1959,,,,,4.43,3.10146,0,3.38,5.2
01/09/1959,,,,,4.68,3.10025,0.31646,4.04,5.5
01/10/1959,,,,,4.53,3.09296,0.31746,4.05,5.7
01/11/1959,,,,,4.53,3.09904,-0.31646,4.15,5.8
01/12/1959,,,,,4.69,3.15902,-0.31646,4.49,5.3
01/01/1960,,,,,4.72,3.18494,-0.31546,4.35,5.2
01/02/1960,,,,,4.49,3.176,-0.31546,3.96,4.8
01/03/1960,,,,,4.25,3.16698,0.31546,3.31,5.4
01/04/1960,,,,,4.28,3.15902,0,3.23,5.2
01/05/1960,,,,,4.35,3.15788,-0.31447,3.29,5.1
01/06/1960,,,,,4.15,3.14523,0,2.46,5.4
01/07/1960,,,,,3.9,3.14175,0,2.3,5.5
01/08/1960,,,,,3.8,3.14059,0,2.3,5.6
01/09/1960,,,,,3.8,3.13007,-0.31546,2.48,5.5
01/10/1960,,,,,3.89,3.12889,0.31646,2.3,6.1
01/11/1960,,,,,3.93,3.11467,0.63492,2.37,6.1
01/12/1960,,,,,3.84,3.0954,0.63492,2.25,6.6
01/01/1961,,,,,3.84,3.09661,0.63291,2.24,6.6
01/02/1961,,,,,3.78,3.0954,0.63291,2.42,6.9
01/03/1961,,,,,3.74,3.10146,0,2.39,6.9
01/04/1961,,,,,3.78,3.12181,-0.62893,2.29,7
01/05/1961,,,,,3.71,3.13709,-0.63091,2.29,7.1
01/06/1961,,,,,3.88,3.151,-1.26183,2.33,6.9
01/07/1961,,,,,3.92,3.16244,-0.63091,2.24,7
01/08/1961,,,,,4.04,3.1715,-0.31646,2.39,6.6
01/09/1961,,,,,3.98,3.17037,-0.31646,2.28,6.7
01/10/1961,,,,,3.92,3.18938,-0.63091,2.3,6.5
01/11/1961,,,,,3.94,3.20476,-0.63091,2.48,6.1
01/12/1961,,,,,4.06,3.21345,-0.31546,2.6,6
01/01/1962,,,,,4.08,3.20476,-0.31447,2.72,5.8
01/02/1962,,,,,4.04,3.22099,-0.31447,2.73,5.5
01/03/1962,,,,,3.93,3.22634,-0.31447,2.72,5.6
01/04/1962,,,,,3.84,3.22847,0,2.73,5.6
01/05/1962,,,,,3.87,3.2274,0,2.69,5.5
01/06/1962,,,,,3.91,3.22527,0.63898,2.73,5.5
01/07/1962,,,,,4.01,3.23484,0.31746,2.92,5.4
01/08/1962,,,,,3.98,3.2359,0.31746,2.82,5.7
01/09/1962,,,,,3.98,3.24222,1.26984,2.78,5.6
01/10/1962,,,,,3.93,3.24327,0.63492,2.74,5.4
01/11/1962,,,,,3.92,3.24746,0.63492,2.83,5.7
01/12/1962,,,,,3.86,3.24746,0,2.87,5.5
01/01/1963,,,,,3.83,3.25474,-0.31546,2.91,5.7
01/02/1963,,,,,3.92,3.2661,-0.63091,2.92,5.9
01/03/1963,,,,,3.93,3.27223,-0.63091,2.89,5.7
01/04/1963,,,,,3.97,3.28136,-0.63291,2.9,5.7
01/05/1963,,,,,3.93,3.29341,0,2.93,5.9
01/06/1963,,,,,3.99,3.2964,0.31746,2.99,5.6
01/07/1963,,,,,4.02,3.29241,0.31646,3.18,5.6
01/08/1963,,,,,4,3.29441,0,3.32,5.4
01/09/1963,,,,,4.08,3.30433,-0.94044,3.38,5.5
01/10/1963,,,,,4.11,3.31121,-0.31546,3.45,5.5
01/11/1963,,,,,4.12,3.3161,0,3.52,5.7
01/12/1963,,,,,4.13,3.31415,0,3.52,5.5
01/01/1964,,,,,4.17,3.32291,0.63291,3.52,5.6
01/02/1964,,,,,4.15,3.32967,0.31746,3.53,5.4
01/03/1964,,,,,4.22,3.32967,0.31746,3.54,5.4
01/04/1964,,,,,4.23,3.3459,0.63694,3.47,5.3
01/05/1964,,,,,4.2,3.35157,0,3.48,5.1
01/06/1964,,,,,4.17,3.35439,-0.31646,3.48,5.2
01/07/1964,,,,,4.19,3.36094,-0.31546,3.46,4.9
01/08/1964,,,,,4.19,3.36744,0,3.5,5
01/09/1964,,,,,4.2,3.37115,0.31646,3.53,5.1
01/10/1964,,,,,4.19,3.3572,0.31646,3.57,5.1
01/11/1964,,,,,4.15,3.38763,0,3.64,4.8
01/12/1964,,,,,4.18,3.39937,0.31646,3.84,5
01/01/1965,,,,,4.19,3.41008,0,3.81,4.9
01/02/1965,,,,,4.21,3.41628,0.94937,3.93,5.1
01/03/1965,,,,,4.21,3.42943,0.94937,3.93,4.7
01/04/1965,,,,,4.2,3.43378,1.26582,3.93,4.8
01/05/1965,,,,,4.21,3.44155,1.90476,3.89,4.6
01/06/1965,,,,,4.21,3.44927,2.85714,3.8,4.6
01/07/1965,,,,,4.2,3.45862,2.53165,3.84,4.4
01/08/1965,,,,,4.25,3.46284,2.53165,3.84,4.4
01/09/1965,,,,,4.29,3.46536,2.2082,3.92,4.3
01/10/1965,,,,,4.35,3.4754,2.52366,4.03,4.2
01/11/1965,,,,,4.45,3.47955,2.83912,4.09,4.1
01/12/1965,,,,,4.62,3.4919,3.47003,4.38,4
01/01/1966,,,,,4.61,3.50167,3.45912,4.59,4
01/02/1966,,,,,4.83,3.50813,4.07524,4.65,3.8
01/03/1966,,,,,4.87,3.52173,4.07524,4.59,3.8
01/04/1966,,,,,4.75,3.52332,3.75,4.62,3.8
01/05/1966,,,,,4.78,3.53279,3.42679,4.64,3.9
01/06/1966,,,,,4.81,3.53749,2.77778,4.5,3.8
01/07/1966,,,,,5.02,3.54295,3.39506,4.8,3.8
01/08/1966,,,,,5.22,3.54372,3.7037,4.96,3.8
01/09/1966,,,,,5.18,3.55301,3.7037,5.37,3.7
01/10/1966,,,,,5.01,3.55991,2.76923,5.35,3.7
01/11/1966,,,,,5.16,3.55301,2.14724,5.32,3.6
01/12/1966,,,,,4.84,3.55531,1.52439,4.96,3.8
01/01/1967,,,,,4.58,3.56002,1.51976,4.72,3.9
01/02/1967,0.2934041,3.5782254,,,4.63,3.54861,0.60241,4.56,3.8
01/03/1967,0.0323842,0.3893037,,,4.54,3.54296,0.3012,4.26,3.8
01/04/1967,0.2941261,3.5871731,,2.5071038,4.59,3.55235,-0.3012,3.84,3.8
01/05/1967,0.2845174,3.468146,,2.4707772,4.85,3.54358,0.3012,3.6,3.8
01/06/1967,0.2918565,3.5590481,,3.5381099,5.02,3.54346,0.6006,3.54,3.9
01/07/1967,0.333095,4.0711883,,3.6991214,5.16,3.54118,0,4.21,3.8
01/08/1967,0.2998727,3.6584191,,3.7626484,5.28,3.56016,-0.59524,4.27,3.8
01/09/1967,0.2183134,2.6514467,,3.4586299,5.3,3.55853,-0.59524,4.42,3.8
01/10/1967,0.3753968,4.598944,,3.6332183,5.48,3.56664,0,4.56,4
01/11/1967,0.3683094,4.5103512,,3.9163524,5.75,3.58084,0.3003,4.73,3.9
01/12/1967,0.311099,3.7977319,,4.3017248,5.7,3.59156,1.2012,4.97,3.8
01/01/1968,0.4903828,6.0459299,3.6518611,4.780482,5.53,3.59048,1.1976,5,3.7
01/02/1968,0.314651,3.8418454,3.6738194,4.5565927,5.56,3.59405,1.79641,4.98,3.8
01/03/1968,0.4842787,5.9686574,4.142164,5.2805014,5.74,3.59717,2.4024,5.17,3.7
01/04/1968,0.3072853,3.7503865,4.1558281,4.515295,5.64,3.59862,3.02115,5.38,3.5
01/05/1968,0.2194467,2.6653775,4.0882454,4.1190958,5.87,3.60977,2.7027,5.66,3.5
01/06/1968,0.7325006,9.1529254,4.5455693,5.1517174,5.72,3.61344,2.08955,5.52,3.7
01/07/1968,0.5322409,6.5772131,4.7530763,6.0981756,5.5,3.61191,2.38806,5.31,3.7
01/08/1968,0.4851757,5.9800096,4.9466066,7.2279241,5.42,3.61469,2.39521,5.09,3.5
01/09/1968,0.2198799,2.6707024,4.948247,5.0618271,5.46,3.61847,2.99401,5.19,3.4
01/10/1968,0.5995311,7.436408,5.1825923,5.3433979,5.58,3.62046,2.99401,5.35,3.4
01/11/1968,0.5751821,7.1247769,5.3993879,5.7213373,5.7,3.63331,3.29341,5.45,3.4
01/12/1968,0.6032401,7.4839493,5.7063478,7.3482598,6.03,3.63646,2.67062,5.96,3.4
01/01/1969,0.5282656,6.5266514,5.746197,7.0443971,6.04,3.64249,2.95858,6.14,3.4
01/02/1969,0.318217,3.886151,5.7499561,5.954608,6.19,3.64887,2.94118,6.12,3.4
01/03/1969,0.8407978,10.5694819,6.1251578,6.9589347,6.3,3.65668,3.22581,6.02,3.4
01/04/1969,0.6668906,8.3028416,6.5056204,7.550127,6.17,3.653,3.51906,6.11,3.4
01/05/1969,0.4782284,5.8921166,6.780634,8.2379567,6.32,3.64921,3.80117,6.04,3.4
01/06/1969,0.3507533,4.2911949,6.375966,6.1492772,6.57,3.65893,4.38596,6.44,3.5
01/07/1969,0.5448128,6.7372566,6.3892686,5.635308,6.72,3.6642,4.37318,7,3.5
01/08/1969,0.5092397,6.2849695,6.4147465,5.7657802,6.69,3.66649,4.38596,6.98,3.5
01/09/1969,0.6154409,7.6404779,6.8347583,6.8860846,7.16,3.66627,4.06977,7.09,3.7
01/10/1969,0.3409088,4.168488,6.5601063,6.0216625,7.1,3.66656,4.36047,7,3.7
01/11/1969,0.4593586,5.6537247,6.4373905,5.8113519,7.14,3.65709,4.63768,7.24,3.5
01/12/1969,0.5699442,7.0578483,6.4021638,5.6200968,7.65,3.6544,4.91329,7.82,3.5
01/01/1970,0.7079715,8.834398,6.59237,7.1740972,7.79,3.63571,4.88506,7.87,3.9
01/02/1970,0.7524923,9.4131632,7.0538059,8.4304902,7.24,3.63505,4.85714,7.13,4.2
01/03/1970,0.7836114,9.819382,6.9930961,9.3549004,7.07,3.63375,4.26136,6.63,4.4
01/04/1970,0.5019951,6.1930754,6.8178381,8.4629942,7.39,3.63118,4.24929,6.51,4.6
01/05/1970,0.6004157,7.4477444,6.9477347,7.8096159,7.91,3.63001,3.66197,6.84,4.8
01/06/1970,0.542395,6.7064611,7.1519748,6.7811858,7.84,3.62677,3.36134,6.68,4.9
01/07/1970,0.409599,5.0274425,7.0078757,6.3890514,7.46,3.62922,3.63128,6.45,5
01/08/1970,0.6097383,7.5672917,7.1148723,6.4284933,7.53,3.62744,3.36134,6.41,5.1
01/09/1970,0.583871,7.2358866,7.081263,6.6042184,7.39,3.62052,3.63128,6.12,5.4
01/10/1970,0.3187711,3.8930366,7.0576383,6.219016,7.33,3.60032,3.34262,5.91,5.5
01/11/1970,0.7127006,8.8957428,7.3276201,6.6544948,6.84,3.59424,2.77008,5.28,5.9
01/12/1970,0.5840571,7.238268,7.3426813,6.6552843,6.39,3.61695,2.20386,4.87,6.1
01/01/1971,0.4004105,4.9121683,7.014858,7.0028927,6.24,3.62461,2.19178,4.44,5.9
01/02/1971,0.1073393,1.2957033,6.329605,4.4533147,6.11,3.6227,2.7248,3.7,5.9
01/03/1971,-0.0011981,-0.0143761,5.5016085,2.0433755,5.7,3.62162,2.99728,3.38,6
01/04/1971,0.3158952,3.8573025,5.3062508,1.7002158,5.83,3.62722,2.98913,3.86,5.9
01/05/1971,0.3654359,4.4744519,5.0602792,2.7530922,6.39,3.63228,3.53261,4.14,5.9
01/06/1971,0.7136214,8.9076907,5.2391997,5.7227772,6.52,3.63646,3.52304,4.75,5.9
01/07/1971,0.3388466,4.1428007,5.1650442,5.819564,6.73,3.63356,3.2345,5.4,6
01/08/1971,0.3692056,4.5215495,4.9136208,5.835463,6.58,3.62774,4.33604,4.94,6.1
01/09/1971,0.3525912,4.3141181,4.6723853,4.3260412,6.14,3.64386,3.2345,4.69,6
01/10/1971,0.0352659,0.4240122,4.3765766,3.0691829,5.93,3.65132,3.2345,4.46,5.8
01/11/1971,0.3041411,3.7113678,3.9531539,2.8021838,5.81,3.65555,3.2345,4.22,6
01/12/1971,0.3171033,3.8723116,3.6772583,2.6568441,5.93,3.66703,4.04313,4.01,6
01/01/1972,0.4498201,5.5334067,3.7282805,4.3691241,5.95,3.6907,4.02145,3.38,5.8
01/02/1972,0.2166094,2.630505,3.841503,4.0052846,6.08,3.70078,3.97878,3.2,5.7
01/03/1972,0.2072067,2.5150143,4.0579163,3.5502853,6.07,3.70773,3.7037,3.73,5.8
01/04/1972,0.2324931,2.8258701,3.971403,2.6570496,6.19,3.7176,3.69393,3.71,5.7
01/05/1972,0.261626,3.1850842,3.8638634,2.8416251,6.13,3.71769,3.67454,3.69,5.7
01/06/1972,0.3497302,4.2784361,3.48859,3.427956,6.11,3.72032,3.9267,3.91,5.7
01/07/1972,0.3182442,3.8864891,3.4673409,3.78235,6.11,3.71938,4.43864,3.98,5.6
01/08/1972,0.2710244,3.301213,3.3661291,3.8212691,6.21,3.73302,4.15584,4.02,5.6
01/09/1972,0.1182262,1.4279758,3.1247262,2.8665283,6.55,3.74073,4.96084,4.66,5.5
01/10/1972,0.235497,2.862856,3.3311412,2.5275515,6.48,3.7535,4.69974,4.74,5.6
01/11/1972,0.2433698,2.9598474,3.2685359,2.4144906,6.28,3.76527,5.22193,4.78,5.3
01/12/1972,0.1998343,2.4245442,3.1478168,2.7488184,6.36,3.77647,6.47668,5.07,5.2
01/01/1973,0.1527841,1.8488939,2.8428027,2.4100903,6.46,3.7837,7.21649,5.41,4.9
01/02/1973,0.2539705,3.0905787,2.8811427,2.4534164,6.64,3.79796,8.16327,5.6,5
01/03/1973,0.2541846,3.0932206,2.9293741,2.6758879,6.71,3.79839,10.71429,6.09,4.9
01/04/1973,0.3321409,4.0593125,3.0317031,3.4133671,6.67,3.79702,10.94148,6.26,5
01/05/1973,0.4014821,4.9256061,3.1754232,4.0233531,6.85,3.80356,12.65823,6.36,4.9
01/06/1973,0.2751507,3.3522366,3.0987437,4.1103979,6.9,3.80485,14.60957,7.19,4.9
01/07/1973,0.2351241,2.8582634,3.0133197,3.7083006,7.13,3.80855,12.25,8.01,4.8
01/08/1973,0.5721816,7.086432,3.3227132,4.4153877,7.4,3.80715,18.45387,8.67,4.8
01/09/1973,0.7208333,9.0013107,3.9446079,6.2841374,7.09,3.81507,16.16915,8.29,4.8
01/10/1973,1.0268443,13.0424204,4.7652381,9.6821291,6.79,3.82311,15.46135,7.22,4.6
01/11/1973,0.3989099,4.8933532,4.9277945,8.928213,6.73,3.82766,15.38462,7.83,4.8
01/12/1973,0.5629649,6.968727,5.3080595,8.2468868,6.74,3.82483,15.32847,7.45,4.9
01/01/1974,0.664178,8.2678261,5.8457769,6.7008972,6.99,3.81817,17.78846,7.77,5.1
01/02/1974,0.6761822,8.4228594,6.2915381,7.8844952,6.96,3.81513,17.92453,7.12,5.2
01/03/1974,0.7490105,9.3677997,6.8161627,8.6850767,7.21,3.81507,16.58986,7.96,5.1
01/04/1974,0.6031831,7.4832186,7.1047212,8.4218961,7.51,3.81214,16.97248,8.33,5.1
01/05/1974,0.9860484,12.4958604,7.7283156,9.7628967,7.58,3.82009,16.40449,8.23,5.1
01/06/1974,1.1017646,14.0525048,8.6163693,11.3082473,7.54,3.81819,14.28571,7.9,5.4
01/07/1974,1.0754823,13.6972257,9.5269948,13.4132369,7.81,3.82021,20.26726,7.55,5.5
01/08/1974,1.1012869,14.0460388,10.103211,13.9318021,8.04,3.80955,17.68421,8.96,5.5
01/09/1974,1.1689859,14.965825,10.5931101,14.2351118,8.04,3.80972,19.70021,8.06,5.9
01/10/1974,0.9979392,12.6549167,10.5614681,13.8849596,7.9,3.80655,22.89417,7.46,6
01/11/1974,0.7841721,9.8267142,10.9857272,12.4628194,7.68,3.7731,23.44086,7.47,6.6
01/12/1974,1.0253564,13.0224444,11.4960429,11.825525,7.43,3.73649,20.88608,7.15,7.2
01/01/1975,0.7800458,9.772768,11.6243786,10.8636315,7.5,3.72253,17.14286,6.26,8.1
01/02/1975,0.8202699,10.2996846,11.7841354,11.0225489,7.39,3.69945,14.4,5.5,8.1
01/03/1975,0.5594287,6.9235988,11.5737885,8.9885358,7.73,3.68839,12.45059,5.49,8.6
01/04/1975,0.7154986,8.9320516,11.6983518,8.7095857,8.23,3.69031,12.7451,5.61,8.8
01/05/1975,0.2886101,3.5188292,10.9269313,6.4346086,8.06,3.68738,11.77606,5.23,9
01/06/1975,0.6515566,8.1050424,10.4329717,6.8251871,7.86,3.69369,11.53846,5.34,8.8
01/07/1975,0.4663363,5.7418196,9.7674314,5.7719946,8.06,3.70405,8.7037,6.13,8.6
01/08/1975,0.3213036,3.924514,8.9205899,5.9099861,8.4,3.71385,5.54562,6.44,8.4
01/09/1975,0.7972961,9.9984559,8.5204212,6.5247336,8.43,3.72671,6.26118,6.42,8.4
01/10/1975,0.615584,7.6423147,8.1095875,7.1591368,8.14,3.73104,5.09666,5.96,8.4
01/11/1975,0.768671,9.6241835,8.0929598,9.0833992,8.05,3.73241,3.65854,5.48,8.3
01/12/1975,0.6442476,8.0108765,7.6851891,8.4223868,8,3.74588,4.18848,5.44,8.2
01/01/1976,0.7855237,9.8443905,7.6910424,9.1567463,7.74,3.75906,4.3554,4.87,7.9
01/02/1976,0.5231426,6.4615266,7.3736663,8.0967627,7.79,3.76909,4.72028,4.88,7.7
01/03/1976,0.5230418,6.4602452,7.3348137,7.5769792,7.73,3.77111,5.44815,5,7.6
01/04/1976,0.2582001,3.1427823,6.8474602,5.3431574,7.56,3.77624,5.3913,4.86,7.7
01/05/1976,0.3997674,4.9041038,6.9658871,4.8269445,7.9,3.78035,5.00864,5.2,7.4
01/06/1976,0.5622869,6.9600732,6.871017,4.9907417,7.86,3.7814,5.51724,5.41,7.6
01/07/1976,0.6708738,8.3542776,7.0885938,6.7300575,7.83,3.78702,4.94037,5.23,7.8
01/08/1976,0.5685576,7.0401368,7.3525266,7.4495999,7.77,3.79383,4.0678,5.14,7.8
01/09/1976,0.5528503,6.8396923,7.0921835,7.4092741,7.59,3.79709,4.0404,5.08,7.6
01/10/1976,0.414705,5.0915505,6.8783739,6.3201779,7.41,3.79684,3.51171,4.92,7.7
01/11/1976,0.5177403,6.3928892,6.612229,6.1054464,7.29,3.8121,4.20168,4.75,7.8
01/12/1976,0.2519581,3.0657499,6.1966776,4.8411051,6.87,3.82278,4.69012,4.35,7.8
01/01/1977,0.6452837,8.0242208,6.0489082,5.8073987,7.21,3.81586,4.8414,4.62,7.5
01/02/1977,0.5263711,6.5025641,6.0523141,5.8437434,7.39,3.83159,6.01002,4.67,7.6
01/03/1977,0.5709793,7.0710714,6.1028884,7.1974492,7.46,3.84408,6.83333,4.6,7.4
01/04/1977,0.7096495,8.8561614,6.5806557,7.4719369,7.37,3.8538,7.09571,4.54,7.2
01/05/1977,0.5508519,6.814215,6.7410414,7.576664,7.46,3.86159,7.23684,4.96,7
01/06/1977,0.7310911,9.1345991,6.9202174,8.2633618,7.28,3.86925,6.20915,5.02,7.2
01/07/1977,0.6340907,7.8801451,6.8811508,7.9388229,7.33,3.8706,5.68182,5.19,6.9
01/08/1977,0.5229422,6.4589789,6.8326722,7.8190312,7.4,3.87153,5.86319,5.49,7
01/09/1977,0.5912682,7.3305613,6.8734894,7.2216303,7.34,3.87556,5.66343,5.81,6.8
01/10/1977,0.4867276,5.9996525,6.9501446,6.5949702,7.52,3.8771,5.97738,6.16,6.8
01/11/1977,0.5641265,6.9835559,6.9994991,6.7697658,7.58,3.87899,6.12903,6.1,6.8
01/12/1977,0.5934661,7.3587074,7.3639926,6.779098,7.69,3.88068,5.92,6.07,6.4
01/01/1978,0.6527785,8.1207912,7.3719877,7.4866447,7.96,3.866,6.36943,6.44,6.4
01/02/1978,0.4973923,6.1347283,7.3410355,7.2016165,8.03,3.87141,6.29921,6.45,6.3
01/03/1978,0.6577087,8.1843606,7.4336032,7.47573,8.04,3.89051,6.24025,6.29,6.3
01/04/1978,0.6910928,8.6157113,7.4138075,7.6394695,8.15,3.91017,6.31741,6.29,6.1
01/05/1978,0.7658607,9.5875018,7.6434914,8.7942777,8.35,3.91504,6.59509,6.41,6
01/06/1978,0.764473,9.5693931,7.6791641,9.2565907,8.46,3.92148,7.69231,6.73,5.9
01/07/1978,0.8524766,10.7232464,7.9128385,9.9587256,8.64,3.92073,8.14132,7.01,6.2
01/08/1978,0.7686362,9.6237288,8.1765946,9.9708409,8.41,3.92473,8.30769,7.08,5.9
01/09/1978,0.9628051,12.185544,8.5761482,10.8392112,8.42,3.92717,8.72894,7.85,6
01/10/1978,0.9127493,11.5199224,9.0364656,11.1044129,8.64,3.93481,9.45122,7.99,5.8
01/11/1978,0.7255833,9.063013,9.2115248,10.9146592,8.81,3.94247,9.57447,8.64,5.9
01/12/1978,0.4520679,5.5617488,9.0580126,8.6873105,9.01,3.94751,9.81873,9.08,6
01/01/1979,0.6643186,8.2696406,9.0705163,7.6209747,9.1,3.94207,10.47904,9.35,5.9
01/02/1979,0.9588654,12.1330242,9.5713563,8.6214516,9.1,3.94697,10.96296,9.32,5.9
01/03/1979,0.7530543,9.4204876,9.6751452,9.9291725,9.12,3.95005,11.3069,9.48,5.8
01/04/1979,0.9149295,11.5488394,9.9189535,11.0279733,9.18,3.93818,11.44928,9.46,5.8
01/05/1979,0.9156753,11.5587321,10.0823766,10.8381046,9.25,3.94697,11.51079,9.61,5.6
01/06/1979,0.9354583,11.8214486,10.2691732,11.6429353,8.91,3.94713,11.42857,9.06,5.7
01/07/1979,1.0675675,13.590434,10.5043474,12.3199274,8.95,3.94551,12.5,9.24,5.7
01/08/1979,1.1620379,14.8711149,10.9357574,13.4207643,9.03,3.93897,13.06818,9.52,6
01/09/1979,1.0064586,12.7690009,10.983723,13.7402319,9.33,3.9389,13.94366,10.26,5.9
01/10/1979,1.1614868,14.8636051,11.2572842,14.1636041,10.3,3.9458,14.3454,11.7,6
01/11/1979,1.3315306,17.2020558,11.9265883,14.9306338,10.65,3.94418,14.56311,11.79,5.9
01/12/1979,1.1768726,15.0734187,12.7341867,15.7082244,10.39,3.94487,14.71802,12.04,6
01/01/1980,1.3211162,17.0575917,13.4697357,16.4402895,10.8,3.95017,15.44715,12,6.3
01/02/1980,1.0743157,13.6814793,13.5994927,15.2625187,12.41,3.95054,16.02136,12.86,6.3
01/03/1980,1.4024308,18.1899071,14.3316674,16.2938007,12.75,3.94634,15.43536,15.2,6.3
01/04/1980,1.2887653,16.6098739,14.755205,16.1453457,11.47,3.92631,14.17425,13.2,6.9
01/05/1980,1.2323188,15.8324435,15.1152728,16.8733013,10.18,3.9015,13.93548,8.58,7.5
01/06/1980,1.5131902,19.7483986,15.7741667,17.3847698,9.78,3.88851,13.71795,7.07,7.6
01/07/1980,-0.3647664,-4.29044,14.1334102,9.9052446,10.25,3.88137,14.01515,8.06,7.8
01/08/1980,0.3953011,4.8481175,13.2683595,6.3151665,11.1,3.88456,14.94975,9.13,7.7
01/09/1980,0.8454033,10.6300956,13.0877526,3.5451468,11.51,3.90112,13.34981,10.27,7.5
01/10/1980,1.1582987,14.8201744,13.0841888,10.0231418,11.75,3.91374,13.03289,11.62,7.5
01/11/1980,1.1401414,14.573103,12.8706018,13.3247375,12.68,3.93027,12.83293,13.73,7.5
01/12/1980,1.0107256,12.8261817,12.685252,14.0696886,12.84,3.93685,12.47002,15.49,7.2
01/01/1981,0.7212459,9.0066702,12.0181006,12.1110827,12.57,3.93051,11.73709,15.02,7.5
01/02/1981,0.3625522,4.438437,11.2292712,8.7028947,13.19,3.92639,10.58688,14.79,7.4
01/03/1981,0.5728912,7.0954996,10.3193415,6.8304078,13.12,3.93145,10.85714,13.36,7.4
01/04/1981,0.7298514,9.1184829,9.7105966,6.8669221,13.68,3.92723,11.61731,13.69,7.2
01/05/1981,1.1331853,14.4785798,9.6031606,10.187228,14.1,3.93291,11.32503,16.3,7.5
01/06/1981,1.1510569,14.7215752,9.2121676,12.7429042,13.47,3.93811,11.04848,14.73,7.5
01/07/1981,1.4836286,19.3306069,11.2382303,16.1556648,14.28,3.9446,9.63455,14.95,7.2
01/08/1981,0.9192275,11.6058629,11.8187421,15.1758219,14.94,3.94333,8.19672,15.51,7.4
01/09/1981,1.2153679,15.5999096,12.2289637,15.4690123,15.32,3.93853,7.74264,14.7,7.6
01/10/1981,0.2905523,3.5428879,11.2662519,10.1340456,15.15,3.93077,6.57328,13.54,7.9
01/11/1981,0.4654723,5.7309089,10.5240353,8.1666164,13.39,3.91909,6.00858,10.86,8.3
01/12/1981,0.4000008,4.9070306,9.8557917,4.7230489,13.72,3.90819,5.33049,10.85,8.5
01/01/1982,0.3673894,4.4988561,9.4698434,5.0443502,14.59,3.88748,4.72689,12.28,8.6
01/02/1982,0.4267145,5.2424763,9.539828,4.8823468,14.43,3.90769,3.85016,13.48,8.9
01/03/1982,-0.0233466,-0.2797992,8.8904305,3.1245136,13.86,3.90092,2.68041,12.68,9
01/04/1982,0.9062546,11.4338247,9.0811249,5.3570851,13.87,3.89164,1.63265,12.7,9.3
01/05/1982,1.1070587,14.1241922,9.052945,8.2412085,13.62,3.885,1.52594,12.09,9.4
01/06/1982,0.9890068,12.5354133,8.8782355,12.6924069,14.3,3.88242,1.52284,12.47,9.6
01/07/1982,0.5619382,6.9556238,7.8893862,11.1621277,13.95,3.87903,1.41414,11.35,9.8
01/08/1982,0.3951344,4.8460294,7.3290957,8.0641415,13.06,3.86991,1.31313,8.68,9.8
01/09/1982,-0.0572873,-0.6852859,5.9795682,3.654876,12.34,3.86732,1.21457,7.92,10.1
01/10/1982,0.2899658,3.5356227,5.9789485,2.5380675,10.91,3.85773,1.31446,7.71,10.4
01/11/1982,-0.1738572,-2.066452,5.304533,0.2332076,10.55,3.85456,1.51822,8.07,10.8
01/12/1982,-0.6067474,-7.0428425,4.2486052,-1.9529101,10.54,3.84741,1.72065,7.94,10.8
01/01/1983,0.5368385,6.6357165,4.424607,-0.983933,10.46,3.86577,0.5015,7.86,10.4
01/02/1983,0.360942,4.4183307,4.3562161,1.1550162,10.72,3.85964,0.7014,8.11,10.4
01/03/1983,0.1971116,2.391151,4.5863315,4.4673603,10.51,3.86792,0.80321,8.35,10.3
01/04/1983,0.5216685,6.4427931,4.1877195,4.4043221,10.4,3.8805,0.80321,8.21,10.2
01/05/1983,0.231294,2.8111097,3.2852709,3.8658815,10.38,3.88664,1.002,8.19,10.1
01/06/1983,0.3018252,3.6826367,2.5824644,4.3007538,10.85,3.89271,1,8.79,10.1
01/07/1983,0.3539737,4.3313647,2.3703214,3.6064968,11.38,3.90749,0.89641,9.08,9.4
01/08/1983,0.319546,3.9026676,2.2932458,3.9718743,11.85,3.91928,1.49551,9.34,9.5
01/09/1983,0.3292904,4.0238411,2.6889154,4.0858015,11.65,3.93366,2,9,9.2
01/10/1983,0.4350695,5.3475926,2.83749,4.4226555,11.54,3.94139,1.99601,8.64,8.8
01/11/1983,0.465957,5.7370296,3.4966047,5.0335883,11.69,3.94586,1.79462,8.76,8.5
01/12/1983,0.3142042,3.836296,4.4555769,4.9704285,11.83,3.9508,1.79104,9,8.3
01/01/1984,0.5516835,6.8248157,4.4710005,5.4587976,11.67,3.97046,2.69461,8.9,8
01/02/1984,0.397678,4.8779091,4.509241,5.1724006,11.84,3.97497,2.68657,9.09,7.8
01/03/1984,0.3213503,3.925095,4.6388265,5.2023726,12.32,3.97973,3.48606,9.52,7.8
01/04/1984,0.5152831,6.3616833,4.6321796,5.0501195,12.63,3.98571,3.58566,9.69,7.7
01/05/1984,0.2904803,3.5419969,4.6939646,4.6021769,13.41,3.99103,3.27381,9.83,7.4
01/06/1984,0.3775895,4.6263676,4.7730466,4.8369302,13.56,3.99466,2.9703,9.87,7.2
01/07/1984,0.457913,5.6354824,4.8815629,4.5977883,13.36,3.99744,2.86278,10.12,7.5
01/08/1984,0.4499315,5.5348117,5.0178776,5.2645737,12.72,3.99864,1.96464,10.47,7.5
01/09/1984,0.4291565,5.2731899,5.1224107,5.4810508,12.52,3.99581,1.37255,10.37,7.3
01/10/1984,0.4005049,4.9133513,5.0862329,5.2401425,12.16,3.9954,1.17417,9.74,7.4
01/11/1984,0.337052,4.1204516,4.9513998,4.7678895,11.57,3.99873,1.56709,8.61,7.2
01/12/1984,0.393974,4.8314881,5.0348571,4.6211569,11.5,3.99922,1.17302,8.06,7.3
01/01/1985,0.2449137,2.978878,4.7144098,3.9741351,11.38,3.9987,0.48591,7.76,7.3
01/02/1985,0.537355,6.6422904,4.8600924,4.8068794,11.51,4.00163,0.0969,8.27,7.2
01/03/1985,0.4077254,5.0039279,4.9503752,4.8643144,11.86,4.00309,-0.76997,8.52,7.2
01/04/1985,0.316528,3.8651635,4.7428503,5.1642929,11.43,4.00089,-0.67308,7.95,7.3
01/05/1985,0.5598811,6.9293718,5.0242111,5.2585759,10.85,4.00259,-0.57637,7.48,7.2
01/06/1985,0.3951373,4.8460657,5.0425712,5.2058011,10.16,4.00206,-0.67308,6.95,7.4
01/07/1985,0.3545187,4.3381631,4.9344581,5.3652609,10.31,3.99703,-0.95969,7.08,7.4
01/08/1985,0.4470503,5.4984924,4.9314483,4.8931658,10.33,4.00026,-1.05973,7.14,7.1
01/09/1985,0.2767948,3.3725729,4.7722561,4.3994607,10.37,4.00396,-1.25725,7.1,7.1
01/10/1985,0.5012147,6.1831801,4.8773511,5.0112358,10.24,4.00045,-0.48356,7.16,7.1
01/11/1985,0.582956,7.2241808,5.1343823,5.5807146,9.78,4.00391,-0.2893,7.24,7
01/12/1985,0.2803812,3.4169472,5.0154258,5.5958198,9.26,4.01377,0.09662,7.1,7
01/01/1986,0.4983788,6.1472311,5.2809529,5.5839017,9.19,4.019,-0.19342,7.07,6.7
01/02/1986,0.3733936,4.5738972,5.1092554,4.7067209,8.7,4.01211,-1.54889,7.06,7.2
01/03/1986,0.506329,6.24804,5.2124761,5.6535993,7.78,4.00502,-2.71581,6.56,7.2
01/04/1986,0.4501956,5.5381411,5.3526674,5.4511257,7.3,4.00615,-3.5818,6.06,7.1
01/05/1986,0.246793,3.0020469,5.0246571,4.9201109,7.71,4.00806,-3.38164,6.15,7.2
01/06/1986,0.3972677,4.8727662,5.0268857,4.4654485,7.8,4.00416,-3.29138,6.21,7.2
01/07/1986,0.2910174,3.5486509,4.9604279,3.804857,7.3,4.01036,-3.68217,5.83,7
01/08/1986,0.3159685,3.8582132,4.8234563,4.0916769,7.17,4.00865,-3.31061,5.53,6.9
01/09/1986,0.3954572,4.8500746,4.9474991,4.0841688,7.45,4.01139,-2.64447,5.21,7
01/10/1986,0.4381674,5.3865912,4.8816625,4.696376,7.43,4.01564,-3.10982,5.18,7
01/11/1986,0.289009,3.5237698,4.5751528,4.5838743,7.25,4.01955,-3.48162,5.35,6.9
01/12/1986,0.3568634,4.3674213,4.6549106,4.4231515,7.11,4.02906,-3.76448,5.53,6.6
01/01/1987,0.3420441,4.1826321,4.49211,4.0239767,7.08,4.02519,-2.61628,5.43,6.6
01/02/1987,0.3346069,4.0900078,4.4517318,4.2132899,7.25,4.03843,-0.6883,5.59,6.6
01/03/1987,0.3372523,4.1229451,4.2760179,4.1318546,7.25,4.03978,0.89731,5.59,6.6
01/04/1987,0.5418892,6.7000186,4.3712037,4.9639083,8.02,4.04629,2.30924,5.64,6.3
01/05/1987,0.3027974,3.6946968,4.4295123,4.8308631,8.61,4.05252,2.6,5.66,6.3
01/06/1987,0.1650657,1.9988708,4.1879845,4.1131217,8.4,4.05786,3.1031,5.67,6.2
01/07/1987,0.2821439,3.4387634,4.1787661,3.0413983,8.45,4.06461,4.12475,5.69,6.1
01/08/1987,0.426016,5.2336931,4.2930512,3.5486637,8.76,4.07207,4.53172,6.04,6
01/09/1987,0.407856,5.0055674,4.3059313,4.5562871,9.42,4.07599,4.32596,6.4,5.9
01/10/1987,0.487325,6.0072149,4.356982,5.4146216,9.52,4.08935,4.41324,6.13,6
01/11/1987,0.2627098,3.1984696,4.329616,4.7306187,8.86,4.09427,4.40882,5.69,5.8
01/12/1987,0.3204386,3.9137617,4.2917492,4.366371,8.99,4.09974,4.51354,5.77,5.7
01/01/1988,0.4204428,5.1636342,4.373234,4.0887923,8.67,4.09948,4.0796,5.81,5.7
01/02/1988,0.3369087,4.1186674,4.3756285,4.3972562,8.21,4.1045,3.76238,5.66,5.7
01/03/1988,0.4000338,4.9074448,4.4409369,4.7289699,8.37,4.10669,3.65613,5.7,5.7
01/04/1988,0.4793517,5.9063231,4.3759742,4.9749316,8.72,4.11264,3.82728,5.91,5.4
01/05/1988,0.357264,4.3724207,4.4326526,5.0601424,9.09,4.11062,3.80117,6.26,5.6
01/06/1988,0.3957048,4.8531775,4.6731182,5.0420239,8.92,4.11352,4.07767,6.46,5.4
01/07/1988,0.3087311,3.7683335,4.7008696,4.3303661,9.06,4.11367,4.25121,6.73,5.4
01/08/1988,0.4004892,4.9131553,4.6742562,4.5102281,9.26,4.11866,4.04624,7.06,5.6
01/09/1988,0.4528869,5.5720776,4.7212005,4.7485339,8.98,4.11543,4.24301,7.24,5.4
01/10/1988,0.3785932,4.6389216,4.6078874,5.0406557,8.8,4.11983,3.93852,7.35,5.4
01/11/1988,0.3921172,4.8082236,4.742903,5.0056243,8.96,4.12236,3.93474,7.76,5.3
01/12/1988,0.3655802,4.476255,4.7900347,4.6410456,9.11,4.12689,4.60653,8.07,5.3
01/01/1989,0.380354,4.6609505,4.7482015,4.6483882,9.09,4.12984,5.64054,8.27,5.4
01/02/1989,0.3707525,4.5408827,4.7835332,4.5593347,9.17,4.12538,5.72519,8.53,5.2
01/03/1989,0.368301,4.5102467,4.7504149,4.5706731,9.36,4.12795,6.29171,8.82,5
01/04/1989,0.3528039,4.3167711,4.618488,4.4559197,9.18,4.1276,6.14367,8.65,5.2
01/05/1989,0.4764628,5.8697895,4.742748,4.8966663,8.86,4.12207,6.29108,8.43,5.2
01/06/1989,0.3979671,4.8815339,4.7451082,5.0207395,8.28,4.12205,5.31716,8.15,5.3
01/07/1989,0.4511325,5.5499545,4.8938076,5.4329545,8.02,4.11234,4.54124,7.88,5.2
01/08/1989,0.3625293,4.43815,4.8541488,4.955552,8.11,4.12204,3.7037,7.9,5.2
01/09/1989,0.2763635,3.3672385,4.6698912,4.4479799,8.19,4.1187,3.9778,7.75,5.3
01/10/1989,0.5061808,6.2461603,4.8029334,4.6771226,8.01,4.11743,4.25139,7.64,5.3
01/11/1989,0.3869784,4.7438638,4.7975688,4.7791609,7.87,4.12079,4.06279,7.69,5.4
01/12/1989,0.3956883,4.8529702,4.8290064,5.2787833,7.84,4.12647,3.66972,7.63,5.4
01/01/1990,0.4539924,5.5860207,4.9059083,5.0602871,8.21,4.12123,3.9819,7.64,5.4
01/02/1990,0.3818998,4.6802924,4.9175592,5.0390283,8.47,4.13028,3.2491,7.74,5.3
01/03/1990,0.6303873,7.8325142,5.1915248,6.0246938,8.59,4.13503,2.42152,7.9,5.2
01/04/1990,0.4343334,5.338327,5.2769854,5.9417213,8.79,4.13278,1.60285,7.77,5.4
01/05/1990,0.3712373,4.5469414,5.1667324,5.8967162,8.76,4.13573,1.23675,7.74,5.4
01/06/1990,0.5926836,7.3486857,5.3706977,5.7380978,8.48,4.13913,1.24004,7.73,5.2
01/07/1990,0.5902286,7.3172518,5.516606,6.3961391,8.47,4.13746,1.50709,7.62,5.5
01/08/1990,0.6665797,8.298828,5.8362708,7.6539601,8.75,4.14108,4.01786,7.45,5.7
01/09/1990,0.3655103,4.4753809,5.9303603,6.6847689,8.89,4.14129,5.33808,7.36,5.9
01/10/1990,0.3810783,4.6700129,5.7985062,5.8002432,8.72,4.13512,7.0922,7.17,5.9
01/11/1990,0.277483,3.3810868,5.6831082,4.1739451,8.39,4.12257,6.5661,7.06,6.2
01/12/1990,0.365274,4.4724291,5.6510921,4.172964,8.08,4.11559,5.04425,6.74,6.3
01/01/1991,0.6101136,7.5721067,5.8152904,5.1269715,8.09,4.11225,3.56832,6.22,6.4
01/02/1991,0.4265513,5.2404238,5.8623588,5.7534761,7.85,4.10493,2.44755,5.94,6.6
01/03/1991,0.2614927,3.1834373,5.4742846,5.3167425,8.11,4.09929,1.75131,5.91,6.8
01/04/1991,0.2456764,2.9882798,5.2761604,3.7990697,8.04,4.10186,1.66521,5.65,6.7
01/05/1991,0.3200253,3.9086249,5.2224459,3.3593567,8.07,4.11184,1.65794,5.46,6.9
01/06/1991,0.3175544,3.8779175,4.9346539,3.5907265,8.28,4.11987,1.83727,5.57,6.9
01/07/1991,0.3781448,4.6333134,4.7134104,4.1393678,8.27,4.12261,1.39738,5.58,6.8
01/08/1991,0.358643,4.3896312,4.3930945,4.2998119,7.9,4.12275,-0.25751,5.33,6.9
01/09/1991,0.4140622,5.0834782,4.4435948,4.7017467,7.65,4.13095,-1.94257,5.22,6.9
01/10/1991,0.232489,2.8258199,4.288992,4.0953495,7.53,4.1299,-3.64238,4.99,7
01/11/1991,0.3358343,4.1052889,4.3496776,4.00075,7.42,4.12858,-3.08077,4.56,7
01/12/1991,0.3626675,4.4398766,4.3469677,3.7879917,7.09,4.124,-2.35889,4.07,7.3
01/01/1992,0.326007,3.9829969,4.0523087,4.1758752,7.03,4.11875,-2.85714,3.8,7.3
01/02/1992,0.2426472,2.9509417,3.8617651,3.7894,7.34,4.12583,-1.02389,3.84,7.4
01/03/1992,0.3716174,4.5516929,3.9758443,3.8264267,7.54,4.13421,-0.08606,4.04,7.4
01/04/1992,0.3330208,4.0702637,4.0664388,3.8554638,7.48,4.14186,0.25862,3.75,7.4
01/05/1992,0.1850381,2.2431953,3.9264105,3.6169281,7.39,4.14515,0.60086,3.63,7.6
01/06/1992,0.253632,3.0864024,3.8601886,3.1305857,7.26,4.14571,1.37457,3.66,7.8
01/07/1992,0.2903688,3.5406152,3.7693677,2.9553326,6.84,4.15473,1.55039,3.21,7.7
01/08/1992,0.222038,2.6972362,3.6281201,3.1075087,6.59,4.14915,1.29088,3.13,7.6
01/09/1992,0.1438295,1.7396729,3.3492378,2.6565374,6.42,4.15235,1.63652,2.91,7.6
01/10/1992,0.5105204,6.3012228,3.6359146,3.5608925,6.59,4.15916,1.46048,2.86,7.3
01/11/1992,0.3295947,4.0276269,3.6294697,4.0061682,6.87,4.16298,1.20275,3.13,7.4
01/12/1992,0.216227,2.6258049,3.4782626,4.3072533,6.77,4.16449,1.46678,3.22,7.4
01/01/1993,0.3746705,4.5898627,3.5284551,3.7444693,6.6,4.16842,2.07612,3,7.3
01/02/1993,0.2749859,3.3501981,3.5618538,3.5187837,6.26,4.17325,2.06897,2.93,7.1
01/03/1993,0.1511976,1.8295359,3.3344281,3.2503558,5.98,4.17227,2.23945,2.95,7
01/04/1993,0.4008028,4.9170871,3.4042378,3.3579216,5.97,4.17504,2.57954,2.87,7.1
01/05/1993,0.3095365,3.778332,3.5327367,3.5004469,6.04,4.17131,2.13311,2.96,7.1
01/06/1993,0.2890634,3.5244434,3.5693269,4.0715297,5.96,4.17358,1.27119,3.07,7
01/07/1993,0.1483034,1.7942283,3.4226167,3.0285486,5.81,4.17614,1.10263,3.04,6.9
01/08/1993,0.3055646,3.7290312,3.5088108,3.0122311,5.68,4.17503,0.84962,3.02,6.8
01/09/1993,0.2730601,3.3263825,3.6423837,2.9464955,5.36,4.18014,0.59322,2.95,6.7
01/10/1993,0.2994508,3.6531876,3.4247373,3.5693863,5.33,4.18758,0.84674,3.02,6.8
01/11/1993,0.3407891,4.1669975,3.4362771,3.7149457,5.72,4.19222,1.01868,3.1,6.6
01/12/1993,0.324933,3.9696395,3.5484759,3.929726,5.77,4.198,0.85034,3.06,6.5
01/01/1994,0.2072483,2.5155249,3.3757599,3.5480937,5.75,4.20109,0.9322,2.98,6.6
01/02/1994,0.3139417,3.8330356,3.4159204,3.437316,5.97,4.20173,0.76014,3.25,6.6
01/03/1994,0.3005593,3.6669347,3.5701509,3.3368334,6.48,4.21169,0.84246,3.5,6.5
01/04/1994,0.1916517,2.3242175,3.3543975,3.2725134,6.97,4.2176,0.33529,3.68,6.4
01/05/1994,0.1844683,2.2362169,3.2255329,2.7403766,7.18,4.22225,0.16708,4.14,6.1
01/06/1994,0.259145,3.1544481,3.1947385,2.5707948,7.1,4.22895,0.83682,4.14,6.1
01/07/1994,0.1862895,2.2585214,3.2338801,2.5488387,7.3,4.23021,1.25839,4.33,6.1
01/08/1994,0.3763325,4.6106463,3.3067141,3.3366674,7.24,4.23683,2.10615,4.48,6
01/09/1994,0.2221674,2.6988272,3.2542816,3.1843009,7.46,4.23979,1.93766,4.62,5.9
01/10/1994,0.2120095,2.5739905,3.1642643,3.2903003,7.74,4.24789,1.51134,4.95,5.8
01/11/1994,0.3057918,3.7318507,3.1282822,3.000252,7.96,4.2546,2.10084,5.29,5.6
01/12/1994,0.1042635,1.2583612,2.9014466,2.5164182,7.81,4.26447,2.78246,5.6,5.5
01/01/1995,0.4436467,5.4556037,3.1442008,3.4675648,7.78,4.26638,3.1906,5.71,5.6
01/02/1995,0.2943926,3.5904762,3.1241001,3.4205386,7.47,4.26515,3.52054,5.77,5.4
01/03/1995,0.3427526,4.1914601,3.1674812,4.4096256,7.2,4.26661,3.50877,5.73,5.4
01/04/1995,0.3268399,3.9933561,3.3066846,3.9247965,7.06,4.26484,4.09357,5.65,5.8
01/05/1995,0.231609,2.8149874,3.3552945,3.6648161,6.63,4.26969,4.17014,5.67,5.6
01/06/1995,0.2368233,2.8791894,3.3322835,3.2277635,6.17,4.27295,3.9834,5.47,5.6
01/07/1995,0.2392907,2.909583,3.386949,2.8679123,6.28,4.26877,3.8111,5.42,5.7
01/08/1995,0.2318579,2.8180511,3.2381411,2.8689341,6.49,4.28182,3.21782,5.4,5.7
01/09/1995,0.3324064,4.0626166,3.3516975,3.2618677,6.2,4.28571,3.47107,5.28,5.6
01/10/1995,0.3210129,3.9209007,3.4641161,3.5990256,6.04,4.28405,3.63937,5.28,5.5
01/11/1995,0.2242053,2.7238897,3.3799607,3.5673904,5.93,4.28658,3.20988,5.36,5.6
01/12/1995,0.1041364,1.2568196,3.3798295,2.6280822,5.71,4.28996,3.11731,5.14,5.6
01/01/1996,0.3438107,4.2046454,3.2770751,2.7214023,5.65,4.28457,2.76648,5,5.6
01/02/1996,0.2777487,3.3843745,3.2599362,2.9410884,5.81,4.29893,2.18623,4.83,5.5
01/03/1996,0.220861,2.6827644,3.134501,3.4220588,6.27,4.29748,2.01776,4.96,5.5
01/04/1996,0.2006485,2.4345315,3.0047781,2.8331045,6.51,4.30743,2.24719,4.95,5.6
01/05/1996,0.2734456,3.33115,3.0477722,2.8154546,6.74,4.31501,2.56205,5.02,5.6
01/06/1996,0.2407262,2.9272699,3.0517846,2.8969971,6.91,4.32244,2.15483,5.09,5.3
01/07/1996,0.273955,3.3374489,3.0874215,3.1984444,6.87,4.32246,2.15483,5.15,5.5
01/08/1996,0.228019,2.7708059,3.0834733,3.0115647,6.64,4.32751,2.55795,5.05,5.1
01/09/1996,0.3125673,3.8159645,3.0630902,3.3071896,6.83,4.33376,2.39617,5.09,5.2
01/10/1996,0.2048399,2.4859619,2.9437418,3.0226608,6.53,4.33357,2.15483,4.99,5.2
01/11/1996,0.2598857,3.1635939,2.9803904,3.1537441,6.2,4.34247,2.23285,5.03,5.4
01/12/1996,0.1780444,2.1575798,3.056422,2.6015244,6.3,4.34869,2.70485,4.91,5.4
01/01/1997,0.2035944,2.4706765,2.9124152,2.5964233,6.58,4.35045,2.692,5.03,5.3
01/02/1997,0.1706133,2.0666816,2.8024649,2.2314996,6.42,4.36215,1.8225,5.01,5.2
01/03/1997,0.2716947,3.3095004,2.8546081,2.6143157,6.69,4.36843,0.71203,5.14,5.2
01/04/1997,0.2555077,3.1095494,2.9109204,2.8271302,6.89,4.36926,-0.31397,5.16,5.1
01/05/1997,0.2337719,2.8416143,2.8702031,3.0867098,6.71,4.37487,-0.54645,5.05,4.9
01/06/1997,0.2000361,2.4270192,2.8284456,2.792344,6.49,4.37949,-0.625,4.93,5
01/07/1997,0.1996418,2.4221829,2.7522393,2.5634172,6.22,4.38784,-0.85938,5.05,4.9
01/08/1997,0.131872,1.5939922,2.6536708,2.1469796,6.3,4.39793,-0.85737,5.14,4.8
01/09/1997,0.2061835,2.5024539,2.5448043,2.1720496,6.21,4.40712,-0.54602,4.95,4.9
01/10/1997,0.2772455,3.3781493,2.6189007,2.488943,6.03,4.41601,-0.15625,4.97,4.7
01/11/1997,0.1911823,2.3184658,2.5485808,2.7319847,5.88,4.42397,-0.23401,5.14,4.6
01/12/1997,0.2493128,3.0331202,2.6215356,2.9089645,5.81,4.42824,-1.78156,5.16,4.7
01/01/1998,0.25402,3.0911899,2.673178,2.8136573,5.54,4.43268,-3.31534,5.04,4.6
01/02/1998,0.18854,2.2860893,2.6915526,2.8028117,5.57,4.43446,-2.72374,5.09,4.6
01/03/1998,0.2529,3.0773704,2.6723043,2.8175267,5.65,4.43488,-2.04242,5.03,4.7
01/04/1998,0.22445,2.7268994,2.6404978,2.6962759,5.64,4.43833,-1.65354,4.95,4.3
01/05/1998,0.20529,2.4914863,2.611332,2.7649702,5.65,4.44485,-1.80534,5,4.4
01/06/1998,0.18917,2.2938079,2.6002045,2.5039116,5.5,4.43889,-1.88679,4.98,4.5
01/07/1998,0.2027,2.4597017,2.6033359,2.4149619,5.46,4.43491,-1.57604,4.96,4.5
01/08/1998,0.16178,1.9587275,2.6339821,2.2371999,5.34,4.4553,-2.35849,4.9,4.5
01/09/1998,0.16736,2.0269097,2.594218,2.1482056,4.81,4.45437,-2.90196,4.61,4.6
01/10/1998,0.21942,2.6650494,2.5350563,2.2164012,4.53,4.4612,-2.9734,3.96,4.5
01/11/1998,0.17997,2.1811456,2.5235817,2.290674,4.83,4.46028,-3.362,4.41,4.4
01/12/1998,0.16547,2.003758,2.437823,2.282917,4.65,4.46431,-3.15457,4.39,4.4
01/01/1999,0.20048,2.432429,2.383116,2.205628,4.72,4.46844,-1.99362,4.34,4.3
01/02/1999,0.12309,1.487138,2.316234,1.973709,5,4.47422,-2.16,4.44,4.4
01/03/1999,0.17576,2.129617,2.237507,2.015632,5.23,4.47634,-1.68404,4.44,4.2
01/04/1999,0.21375,2.595422,2.226592,2.069714,5.18,4.47857,-1.04083,4.29,4.3
01/05/1999,0.13347,1.613444,2.153318,2.11204,5.54,4.48468,-0.31974,4.5,4.2
01/06/1999,0.10771,1.300182,2.070264,1.834858,5.9,4.48402,0.32051,4.57,4.3
01/07/1999,0.24283,2.953195,2.111144,1.953094,5.79,4.48987,0.64051,4.55,4.3
01/08/1999,0.14579,1.763544,2.094839,2.00327,5.94,4.49425,2.17391,4.72,4.2
01/09/1999,0.14372,1.738311,2.070746,2.150115,5.92,4.4901,3.39257,4.68,4.2
01/10/1999,0.19867,2.410295,2.04962,1.970243,6.11,4.50282,2.98387,4.86,4.1
01/11/1999,0.27637,3.367341,2.147821,2.503138,6.03,4.50814,3.80259,5.07,4.1
01/12/1999,0.1851,2.244009,2.167848,2.672691,6.28,4.5161,4.07166,5.2,4
01/01/2000,0.36492,4.467999,2.335519,3.355795,6.66,4.51535,4.39382,5.32,4
01/02/2000,0.16585,2.008431,2.379221,2.900876,6.52,4.51879,6.13246,5.55,4.1
01/03/2000,0.27758,3.382337,2.483286,3.281348,6.26,4.52269,6.68842,5.69,4
01/04/2000,0.14135,1.70942,2.409239,2.364145,5.99,4.529,5.74434,5.66,3.8
01/05/2000,0.27956,3.406748,2.558647,2.829755,6.44,4.5319,5.53328,5.79,4
01/06/2000,0.24714,3.006324,2.701492,2.704936,6.1,4.53262,6.86901,5.69,4
01/07/2000,0.25403,3.091349,2.71297,3.167996,6.05,4.53085,6.36436,5.96,4
01/08/2000,0.30359,3.704534,2.874818,3.266934,5.83,4.52819,4.72813,6.09,4.1
01/09/2000,0.16539,2.002844,2.897082,2.9305,5.8,4.53241,5.23438,6,3.9
01/10/2000,0.22093,2.683633,2.919941,2.794628,5.74,4.52872,6.02976,6.11,3.9
01/11/2000,0.22786,2.768793,2.870145,2.484516,5.72,4.52894,5.22214,6.17,3.9
01/12/2000,0.28439,3.466534,2.972089,2.97239,5.24,4.52554,6.57277,5.77,3.9
01/01/2001,0.27367,3.333916,2.878468,3.189304,5.16,4.5206,9.11925,5.15,4.2
01/02/2001,0.26445,3.219987,2.979742,3.340096,5.1,4.51399,5.85516,4.88,4.2
01/03/2001,0.2602,3.167424,2.961886,3.240419,4.89,4.5115,3.89908,4.42,4.3
01/04/2001,0.26703,3.251895,3.091112,3.213096,5.14,4.50798,4.36113,3.87,4.4
01/05/2001,0.26292,3.201076,3.07401,3.206793,5.39,4.5027,3.95137,3.62,4.3
01/06/2001,0.37028,4.534937,3.200619,3.660804,5.28,4.49737,1.27055,3.49,4.5
01/07/2001,0.26102,3.177591,3.207811,3.635932,5.24,4.49128,-0.22438,3.51,4.6
01/08/2001,0.34626,4.235134,3.251713,3.98092,4.97,4.4904,0.37622,3.36,4.9
01/09/2001,0.29833,3.639264,3.388746,3.683093,4.73,4.48498,-1.03935,2.64,5
01/10/2001,0.31333,3.82545,3.484066,3.899651,4.57,4.48193,-3.76662,2.16,5.3
01/11/2001,0.34208,4.183046,3.601999,3.882342,4.65,4.47604,-3.85185,1.87,5.5
01/12/2001,0.2485,3.023054,3.564921,3.676047,5.09,4.47565,-5.94714,1.69,5.7
01/01/2002,0.26645,3.244662,3.557463,3.482368,5.04,4.48259,-8.21429,1.65,5.7
01/02/2002,0.23538,2.861412,3.527436,3.042922,4.91,4.48253,-6.55022,1.72,5.7
01/03/2002,0.2031,2.464613,3.46848,2.856402,5.28,4.49006,-4.48859,1.79,5.7
01/04/2002,0.26446,3.220073,3.465822,2.848236,5.21,4.4948,-4.10557,1.71,5.9
01/05/2002,0.24965,3.037328,3.452132,2.906834,5.16,4.49908,-4.38596,1.73,5.8
01/06/2002,0.16611,2.011589,3.241692,2.754951,4.93,4.50727,-3.39483,1.7,5.8
01/07/2002,0.2824,3.441903,3.263706,2.828508,4.65,4.50694,-1.64918,1.68,5.8
01/08/2002,0.23245,2.825389,3.146595,2.757956,4.26,4.50591,-1.42429,1.62,5.7
01/09/2002,0.18165,2.201743,3.026606,2.821765,3.87,4.50687,-0.75019,1.63,5.7
01/10/2002,0.22627,2.749335,2.937194,2.591779,3.94,4.50423,2.22563,1.58,5.7
01/11/2002,0.23205,2.820426,2.824322,2.590128,4.05,4.5097,2.54237,1.23,5.9
01/12/2002,0.21714,2.637081,2.792164,2.735586,4.03,4.50414,3.74707,1.19,6
01/01/2003,0.25279,3.07598,2.778159,2.844338,4.05,4.51236,5.29183,1.17,5.8
01/02/2003,0.15488,1.874509,2.69562,2.527987,3.9,4.51361,7.16511,1.17,5.9
01/03/2003,0.12847,1.552608,2.619135,2.165601,3.81,4.51087,8.78274,1.13,5.9
01/04/2003,0.09976,1.203761,2.450573,1.543256,3.96,4.50459,4.58716,1.13,6
01/05/2003,0.14007,1.6939,2.338588,1.483214,3.57,4.50424,4.5107,1.07,6.1
01/06/2003,0.09085,1.095643,2.261697,1.330767,3.33,4.50557,5.42399,0.92,6.3
01/07/2003,0.24957,3.036232,2.228217,1.938703,3.98,4.51072,4.95427,0.9,6.2
01/08/2003,0.16095,1.94857,2.155287,2.023726,4.45,4.50859,4.94297,0.95,6.1
01/09/2003,0.20031,2.430362,2.174311,2.470756,4.27,4.51505,4.68632,0.94,6.1
01/10/2003,0.20309,2.464543,2.150681,2.280887,4.29,4.51639,4.57958,0.92,6
01/11/2003,0.10967,1.323989,2.025956,2.071586,4.3,4.52316,4.35763,0.93,5.8
01/12/2003,0.15999,1.936831,1.967767,1.907388,4.27,4.52367,4.96614,0.9,5.7
01/01/2004,0.23514,2.858401,1.949813,2.037793,4.15,4.52533,4.5085,0.88,5.7
01/02/2004,0.24069,2.926816,2.037157,2.573021,4.08,4.53152,3.27035,0.93,5.6
01/03/2004,0.21621,2.625596,2.126567,2.803524,3.83,4.52761,1.34561,0.94,5.8
01/04/2004,0.21867,2.655852,2.247883,2.735999,4.35,4.53148,5.84795,0.94,5.6
01/05/2004,0.1212,1.464146,2.228612,2.247022,4.72,4.53886,7.38844,1.02,5.6
01/06/2004,0.23006,2.795872,2.370793,2.30354,4.73,4.53115,6.66667,1.27,5.6
01/07/2004,0.13617,1.646318,2.254997,1.967078,4.5,4.5385,7.0443,1.33,5.5
01/08/2004,0.15573,1.884862,2.249671,2.107818,4.28,4.53935,7.24638,1.48,5.4
01/09/2004,0.18291,2.217174,2.23192,1.915849,4.13,4.54047,6.6426,1.65,5.4
01/10/2004,0.20056,2.43344,2.229333,2.178243,4.1,4.54934,7.68126,1.76,5.5
01/11/2004,0.1728,2.093378,2.293797,2.2479,4.19,4.55179,8.99928,2.07,5.4
01/12/2004,0.17016,2.061147,2.304188,2.19585,4.23,4.55956,7.67025,2.19,5.4
01/01/2005,0.23969,2.914495,2.308836,2.35558,4.22,4.56308,6.71853,2.33,5.3
01/02/2005,0.2116,2.568956,2.279146,2.514266,4.17,4.57028,6.68543,2.54,5.4
01/03/2005,0.17654,2.139112,2.238654,2.540364,4.5,4.56886,7.40741,2.74,5.2
01/04/2005,0.21199,2.57374,2.231837,2.427066,4.34,4.57094,7.0442,2.78,5.2
01/05/2005,0.23723,2.884186,2.350311,2.531891,4.14,4.57187,5.10899,2.84,5.1
01/06/2005,0.07405,0.8922681,2.191008,2.112968,4,4.57624,4.82337,2.97,5
01/07/2005,0.23569,2.865222,2.292571,2.209601,4.18,4.57306,6.03799,3.22,5
01/08/2005,0.12071,1.458184,2.256804,1.735185,4.26,4.57634,6.48649,3.44,4.9
01/09/2005,0.25121,3.05651,2.326514,2.457486,4.2,4.55678,9.8172,3.42,5
01/10/2005,0.19244,2.333833,2.318218,2.280754,4.46,4.56893,10.8,3.71,5
01/11/2005,0.27725,3.378227,2.424911,2.921929,4.54,4.57987,8.12417,3.88,5
01/12/2005,0.20745,2.518035,2.463042,2.742358,4.47,4.58468,8.52197,3.89,4.9
01/01/2006,0.22186,2.69504,2.444816,2.8631,4.42,4.58626,8.88005,4.24,4.7
01/02/2006,0.25867,3.148606,2.492938,2.786884,4.57,4.58669,6.72823,4.43,4.8
01/03/2006,0.25708,3.129004,2.575349,2.99067,4.72,4.58895,5.53025,4.51,4.7
01/04/2006,0.30963,3.779464,2.67529,3.351917,4.99,4.59191,6,4.6,4.7
01/05/2006,0.3379,4.130966,2.778406,3.67898,5.11,4.59216,7.45301,4.72,4.6
01/06/2006,0.31833,3.887562,3.029284,3.93256,5.11,4.59552,7.64744,4.79,4.6
01/07/2006,0.29397,3.585202,3.089187,3.86767,5.09,4.59487,6.71785,4.95,4.7
01/08/2006,0.24766,3.012756,3.219901,3.494537,4.88,4.5992,6.53553,4.96,4.7
01/09/2006,0.23873,2.902693,3.207054,3.166451,4.72,4.59739,1.97287,4.81,4.5
01/10/2006,0.26905,3.276747,3.285968,3.063946,4.73,4.59636,-2.40674,4.92,4.4
01/11/2006,0.13675,1.653409,3.141252,2.608596,4.6,4.59609,0.54979,4.94,4.5
01/12/2006,0.18282,2.216058,3.1159,2.379863,4.56,4.60629,1.59509,4.85,4.4
01/01/2007,0.24211,2.944302,3.136734,2.269892,4.76,4.60271,-0.18259,4.98,4.6
01/02/2007,0.27393,3.337116,3.152428,2.831442,4.72,4.61231,3.09023,5.03,4.5
01/03/2007,0.20602,2.500432,3.099888,2.926716,4.56,4.61408,4.37731,4.94,4.4
01/04/2007,0.17106,2.072131,2.957465,2.635217,4.69,4.62077,4.32136,4.87,4.5
01/05/2007,0.15929,1.928362,2.774199,2.166686,4.75,4.62131,4.52352,4.73,4.4
01/06/2007,0.16949,2.05294,2.621714,2.017791,5.1,4.62158,4.63576,4.61,4.6
01/07/2007,0.19976,2.423651,2.525322,2.134768,5,4.62001,4.97602,4.82,4.7
01/08/2007,0.18297,2.217904,2.459164,2.231386,4.67,4.62197,2.68017,4.2,4.6
01/09/2007,0.25423,3.093748,2.475003,2.577754,4.52,4.62441,4.89722,3.89,4.7
01/10/2007,0.28825,3.514384,2.494632,2.940593,4.53,4.62148,7.70654,3.9,4.7
01/11/2007,0.28803,3.511614,2.64947,3.373059,4.15,4.6271,8.74848,3.27,4.7
01/12/2007,0.24424,2.970512,2.712396,3.331853,4.1,4.62768,7.85024,3,5
01/01/2008,0.27656,3.369654,2.747695,3.283673,3.74,4.62644,10.36585,2.75,5
01/02/2008,0.1471,1.779554,2.617738,2.704347,3.74,4.62277,9.53237,2.12,4.9
01/03/2008,0.27556,3.357248,2.688949,2.832765,3.51,4.61957,10.98641,1.26,5.1
01/04/2008,0.20672,2.509022,2.725505,2.546582,3.68,4.6127,11.3769,1.29,5
01/05/2008,0.22514,2.735446,2.793043,2.866614,3.88,4.60651,13.44489,1.73,5.4
01/06/2008,0.30678,3.744138,2.933931,2.994806,4.1,4.6039,15.36249,1.86,5.6
01/07/2008,0.2743,3.34172,3.010504,3.272935,4.01,4.59935,17.36151,1.63,5.8
01/08/2008,0.25131,3.057698,3.080765,3.380802,3.89,4.58343,15.42923,1.72,6.1
01/09/2008,0.24534,2.984155,3.071629,3.127742,3.69,4.53858,13.48703,1.13,6.1
01/10/2008,0.14287,1.727974,2.922213,2.588122,3.81,4.54858,6.6972,0.67,6.5
01/11/2008,0.14663,1.773818,2.777101,2.160331,3.53,4.53541,-1.22905,0.19,6.8
01/12/2008,0.08565,1.032633,2.614507,1.510908,2.42,4.50675,-4.31131,0.03,7.3
01/01/2009,0.19982,2.424316,2.535975,1.742,2.52,4.48155,-5.41436,0.13,7.8
01/02/2009,0.15354,1.85814,2.54257,1.770091,2.87,4.47555,-7.33443,0.3,8.3
01/03/2009,0.173,2.095928,2.437701,2.125864,2.82,4.45978,-10.53752,0.21,8.7
01/04/2009,0.13063,1.578817,2.359914,1.844075,2.93,4.45191,-11.41959,0.16,9
01/05/2009,0.14084,1.703262,2.273815,1.79243,3.29,4.44199,-13.12309,0.18,9.4
01/06/2009,0.11479,1.38627,2.078063,1.556032,3.72,4.43882,-13.16708,0.18,9.5
01/07/2009,0.10941,1.320903,1.910212,1.470008,3.56,4.45068,-16.05839,0.18,9.5
01/08/2009,0.10063,1.214315,1.757047,1.307138,3.59,4.46175,-12.0603,0.17,9.6
01/09/2009,0.09343,1.126953,1.602846,1.220693,3.4,4.47029,-11.57948,0.12,9.8
01/10/2009,0.05057,0.6085469,1.509202,0.9829174,3.39,4.47256,-6.00858,0.07,10
01/11/2009,0.000979,0.0117525,1.361569,0.5813851,3.4,4.47664,0.33937,0.05,9.9
01/12/2009,0.04339,0.5219505,1.318775,0.3804042,3.59,4.48006,4.21299,0.05,9.9
01/01/2010,0.05344,0.6431612,1.170764,0.3919149,3.73,4.49077,6.25,0.06,9.8
01/02/2010,0.03269,0.3929762,1.048684,0.5193108,3.69,4.49429,6.91081,0.11,9.8
01/03/2010,0.05089,0.6124052,0.9255024,0.5494525,3.73,4.50132,9.04224,0.15,9.9
01/04/2010,0.07498,0.9034529,0.869413,0.636061,3.85,4.50492,9.0479,0.16,9.9
01/05/2010,0.06528,0.7861915,0.793302,0.7672789,3.42,4.51854,8.19672,0.16,9.6
01/06/2010,0.09961,1.201873,0.7780127,0.9636875,3.2,4.52074,5.3992,0.12,9.4
01/07/2010,0.0757,0.9121619,0.7440706,0.9665921,3.01,4.52456,6.72464,0.16,9.4
01/08/2010,0.04802,0.5777336,0.6911158,0.8969338,2.7,4.52822,5.65714,0.16,9.5
01/09/2010,0.06635,0.7990593,0.6638685,0.7628891,2.65,4.53102,6.20333,0.15,9.5
01/10/2010,0.05899,0.7101279,0.6723344,0.6955992,2.54,4.52832,6.50685,0.13,9.4
01/11/2010,0.15095,1.826455,0.8233069,1.110615,2.76,4.52903,5.80609,0.14,9.8
01/12/2010,0.05081,0.6114211,0.8307821,1.047836,3.29,4.53894,6.51319,0.14,9.3
01/01/2011,0.1757,2.128927,0.9539952,1.520144,3.39,4.53677,5.93733,0.15,9.1
01/02/2011,0.19503,2.365598,1.117829,1.699002,3.58,4.53265,8.1768,0.13,9
01/03/2011,0.11238,1.35691,1.179972,1.949567,3.41,4.54296,8.6743,0.1,9
01/04/2011,0.10497,1.266931,1.210295,1.661929,3.46,4.53964,10.141,0.06,9.1
01/05/2011,0.11055,1.334661,1.256079,1.319493,3.17,4.54087,10.44372,0.04,9
01/06/2011,0.13705,1.657021,1.29395,1.419395,3,4.54382,11.11717,0.04,9.1
01/07/2011,0.19869,2.410513,1.41844,1.799735,3,4.54856,11.13525,0.04,9
01/08/2011,0.27787,3.385887,1.651442,2.482032,2.3,4.5549,9.89724,0.02,9
01/09/2011,0.13533,1.636053,1.721515,2.474985,1.98,4.55413,10.16766,0.01,9
01/10/2011,0.17145,2.076856,1.835844,2.363575,2.15,4.5611,7.77063,0.02,8.8
01/11/2011,0.15054,1.821546,1.835434,1.844658,2.01,4.56099,7.29888,0.01,8.6
01/12/2011,0.25678,3.125237,2.045078,2.339662,1.98,4.56623,5.3242,0.01,8.5
01/01/2012,0.24273,2.951901,2.113351,2.631263,1.97,4.57223,4.15153,0.03,8.3
01/02/2012,0.09958,1.201577,2.01608,2.422539,1.97,4.57539,2.96221,0.09,8.3
01/03/2012,0.21711,2.636613,2.122799,2.260518,2.17,4.57017,2.51004,0.08,8.2
01/04/2012,0.1726,2.091011,2.191796,1.974683,2.05,4.5773,0.29542,0.08,8.2
01/05/2012,0.10703,1.291909,2.188203,2.005015,1.8,4.57944,-1.0779,0.09,8.2
01/06/2012,0.18675,2.264201,2.238927,1.881492,1.62,4.57961,-2.01079,0.09,8.2
01/07/2012,0.21981,2.669878,2.260479,2.073689,1.53,4.58161,-2.19941,0.1,8.2
01/08/2012,0.1902,2.306369,2.17107,2.413321,1.68,4.57753,-0.24606,0.1,8.1
01/09/2012,0.18255,2.21272,2.219253,2.396132,1.72,4.57699,0.34364,0.11,7.8
01/10/2012,0.15897,1.92444,2.206525,2.147714,1.75,4.58017,1.19344,0.1,7.8
01/11/2012,0.1399,1.691741,2.195661,1.942744,1.65,4.58403,0.19861,0.09,7.7
01/12/2012,0.16992,2.058254,2.107127,1.891366,1.72,4.58689,0.85085,0.07,7.9
01/01/2013,0.20229,2.454618,2.065935,2.067729,1.91,4.58674,0.89686,0.07,8
01/02/2013,0.17583,2.130542,2.143683,2.214326,1.98,4.59151,1.33929,0.1,7.7
01/03/2013,0.17123,2.074198,2.096923,2.219648,1.96,4.59559,-0.09794,0.09,7.5
01/04/2013,0.01104,0.1325386,1.932255,1.441488,1.76,4.59456,-0.09818,0.06,7.6
01/05/2013,0.08031,0.9679528,1.905048,1.055103,1.93,4.59551,1.08965,0.04,7.5
01/06/2013,0.15627,1.891493,1.874046,0.9947737,2.3,4.59736,2.25225,0.05,7.5
01/07/2013,0.2112,2.564082,1.865294,1.805738,2.58,4.5941,2.14893,0.04,7.3
01/08/2013,0.23588,2.867597,1.911745,2.440244,2.74,4.60005,0.74001,0.04,7.2
01/09/2013,0.15941,1.929773,1.888205,2.453071,2.81,4.60538,-0.24462,0.02,7.2
01/10/2013,0.13783,1.666561,1.866698,2.153345,2.62,4.60421,-0.4914,0.05,7.2
01/11/2013,0.16375,1.982798,1.890963,1.859617,2.72,4.60675,-0.29732,0.07,6.9
01/12/2013,0.15165,1.835091,1.872378,1.828068,2.9,4.6089,0.24814,0.07,6.7
01/01/2014,0.15268,1.847616,1.821944,1.88848,2.86,4.60507,0.64198,0.04,6.6
01/02/2014,0.14362,1.73716,1.789204,1.80661,2.71,4.61261,0.68527,0.05,6.7
01/03/2014,0.20296,2.462845,1.821445,2.015375,2.72,4.62245,1.47059,0.05,6.7
01/04/2014,0.21169,2.570017,2.025724,2.256004,2.71,4.62328,2.35872,0.03,6.2
01/05/2014,0.18016,2.183466,2.127518,2.405313,2.56,4.62732,1.91083,0.03,6.3
01/06/2014,0.17119,2.07369,2.142724,2.275503,2.6,4.63062,1.95791,0.04,6.1
01/07/2014,0.16764,2.030308,2.098319,2.095801,2.54,4.63274,1.76125,0.03,6.2
01/08/2014,0.09912,1.195955,1.959017,1.765848,2.42,4.63115,1.3712,0.03,6.1
01/09/2014,0.15072,1.82369,1.95017,1.682698,2.53,4.63416,1.22609,0.02,5.9
01/10/2014,0.18821,2.282066,2.001463,1.766263,2.3,4.63435,0.44444,0.02,5.7
01/11/2014,0.16148,1.95502,1.999147,2.020077,2.33,4.64052,-0.14911,0.02,5.8
01/12/2014,0.11442,1.381688,1.961226,1.872244,2.21,4.64068,-2.47525,0.03,5.6
01/01/2015,0.16755,2.029233,1.976365,1.788235,1.88,4.63271,-5.78999,0.03,5.7
01/02/2015,0.13984,1.691104,1.972517,1.700331,1.98,4.62631,-7.09772,0.02,5.5
01/03/2015,0.21975,2.669091,1.989606,2.129005,2.04,4.62288,-7.48792,0.03,5.4
01/04/2015,0.27467,3.346324,2.05371,2.566587,1.94,4.61735,-8.35334,0.02,5.4
01/05/2015,0.18296,2.21772,2.056561,2.743332,2.2,4.61282,-7.01923,0.02,5.6
01/06/2015,0.21749,2.641285,2.103732,2.734056,2.36,4.60975,-6.48104,0.02,5.3
01/07/2015,0.19387,2.351455,2.130475,2.403334,2.32,4.616,-6.77885,0.03,5.2
01/08/2015,0.13708,1.657442,2.169207,2.215893,2.17,4.61429,-7.29469,0.07,5.1
01/09/2015,0.24809,3.017985,2.268536,2.340787,2.17,4.61148,-8.38178,0.02,5
01/10/2015,0.25381,3.088544,2.335492,2.58587,2.07,4.60673,-7.81711,0.02,5
01/11/2015,0.21935,2.664222,2.394625,2.923416,2.26,4.59952,-7.56595,0.12,5.1
01/12/2015,0.15634,1.892245,2.437497,2.54714,2.24,4.59459,-6.85279,0.23,5
01/01/2016,0.19041,2.309046,2.460879,2.288018,2.09,4.59955,-4.89583,0.26,4.8
01/02/2016,0.21547,2.616454,2.538253,2.272151,1.78,4.59434,-5.12821,0.31,4.9
01/03/2016,0.20798,2.524529,2.526214,2.483262,1.89,4.58663,-4.90862,0.29,5
01/04/2016,0.27977,3.409441,2.53143,2.849375,1.81,4.58983,-4.03353,0.23,5.1
01/05/2016,0.21642,2.628185,2.565678,2.853294,1.81,4.58757,-4.18821,0.27,4.8
01/06/2016,0.21548,2.616683,2.563629,2.884101,1.64,4.5924,-3.6961,0.27,4.9
01/07/2016,0.19976,2.423642,2.569655,2.556127,1.5,4.59355,-3.19752,0.3,4.8
01/08/2016,0.28029,3.415874,2.716347,2.817837,1.56,4.59252,-2.76186,0.3,4.9
01/09/2016,0.15874,1.921569,2.624799,2.585152,1.63,4.59163,-1.16341,0.29,5
01/10/2016,0.13411,1.621199,2.502268,2.316547,1.76,4.59233,-0.42667,0.33,4.9
01/11/2016,0.23529,2.860257,2.518564,2.132981,2.14,4.58847,0.3231,0.45,4.7
01/12/2016,0.22152,2.690867,2.585286,2.389302,2.49,4.59553,2.56131,0.51,4.7
01/01/2017,0.25532,3.107175,2.651739,2.885958,2.43,4.59326,4.43593,0.51,4.7
01/02/2017,0.22799,2.770427,2.664566,2.855998,2.42,4.5894,5.68119,0.52,4.6
01/03/2017,-0.01454,-0.1743745,2.436586,1.890344,2.48,4.59562,5.162,0.74,4.4
01/04/2017,0.08309,1.001653,2.235672,1.192011,2.3,4.60559,5.34934,0.8,4.4
01/05/2017,0.12228,1.477272,2.139634,0.765787,2.3,4.60645,4.04749,0.89,4.4
01/06/2017,0.19829,2.405591,2.122109,1.626502,2.19,4.60853,3.19829,0.98,4.3
01/07/2017,0.20925,2.540061,2.131777,2.13988,2.32,4.60603,3.09004,1.07,4.3
01/08/2017,0.22459,2.728654,2.075047,2.558017,2.21,4.60149,3.85852,1.01,4.4
01/09/2017,0.17474,2.11714,2.091354,2.461632,2.2,4.60265,4.22686,1.03,4.3
01/10/2017,0.21868,2.655948,2.177581,2.500217,2.36,4.61501,4.39207,1.07,4.2
01/11/2017,0.15899,1.924619,2.099803,2.232101,2.35,4.61759,5.15298,1.23,4.2
01/12/2017,0.23858,2.900867,2.117186,2.492971,2.4,4.61993,4.30393,1.32,4.1
01/01/2018,0.29521,3.600623,2.157823,2.806403,2.58,4.61991,3.77556,1.41,4
01/02/2018,0.19392,2.352039,2.123101,2.949909,2.86,4.62234,4.01879,1.57,4.1
01/03/2018,0.22418,2.72356,2.366925,2.890744,2.84,4.62688,4.07311,1.7,4
01/04/2018,0.20498,2.487622,2.491592,2.520959,2.87,4.63817,3.78238,1.76,4
01/05/2018,0.17271,2.092292,2.543212,2.43416,2.98,4.6287,5.39419,1.86,3.8
01/06/2018,0.20678,2.509715,2.551897,2.363029,2.91,4.63692,5.47521,1.9,4
01/07/2018,0.17686,2.143088,2.518753,2.248196,2.89,4.63818,5.5814,1.96,3.8
01/08/2018,0.14021,1.695602,2.432443,2.115592,2.89,4.64495,4.95356,2.03,3.8
01/09/2018,0.20451,2.481869,2.462881,2.106345,3,4.64539,4.51745,2.13,3.7
01/10/2018,0.17208,2.08459,2.415236,2.086849,3.15,4.64371,4.97691,2.25,3.8
01/11/2018,0.21882,2.65769,2.476418,2.407769,3.12,4.64451,3.26697,2.33,3.8
01/12/2018,0.21878,2.657193,2.456173,2.466135,2.83,4.64482,2.39429,2.37,3.9
01/01/2019,0.2158,2.620597,2.375054,2.645159,2.71,4.63822,0.60637,2.37,4
01/02/2019,0.19479,2.3627,2.375943,2.546746,2.68,4.63303,-0.05018,2.39,3.8
01/03/2019,0.20558,2.495058,2.356946,2.492731,2.57,4.63314,0.75263,2.4,3.8
01/04/2019,0.24005,2.918921,2.392773,2.591953,2.53,4.62766,0.89865,2.38,3.7
01/05/2019,0.14153,1.711629,2.360903,2.37398,2.4,4.62906,-0.73819,2.35,3.6
01/06/2019,0.2378,2.891243,2.392597,2.505716,2.07,4.63028,-1.90989,2.17,3.6
01/07/2019,0.25838,3.145039,2.475923,2.580731,2.06,4.62503,-1.76211,2.1,3.7
01/08/2019,0.29117,3.550514,2.630398,3.195242,1.63,4.6326,-2.0649,1.95,3.6
01/09/2019,0.19722,2.392473,2.622934,3.028224,1.7,4.62947,-2.55403,1.89,3.5
01/10/2019,0.29376,3.582663,2.747596,3.173728,1.71,4.62092,-2.93255,1.65,3.6
01/11/2019,0.24264,2.950914,2.772021,2.974203,1.81,4.62644,-1.63124,1.54,3.6
01/12/2019,0.19985,2.424751,2.752609,2.985022,1.86,4.62441,-0.99502,1.54,3.6
01/01/2020,0.25274,3.07544,2.790484,2.816648,1.76,4.61845,0.10045,1.52,3.6
01/02/2020,0.20416,2.477676,2.800101,2.658866,1.5,4.62175,-1.25502,1.52,3.5
01/03/2020,0.01692,0.2032129,2.606553,1.911229,0.87,4.58094,-3.83466,0.29,4.4
01/04/2020,-0.17733,-2.107302,2.179323,0.1737051,0.66,4.43889,-8.21376,0.14,14.8
01/05/2020,-0.02036,-0.2440532,2.01414,-0.72111,0.67,4.45447,-6.49479,0.13,13.2
01/06/2020,0.21756,2.642247,1.993544,0.0779532,0.73,4.51824,-4.54319,0.16,11
01/07/2020,0.54123,6.691578,2.281283,2.990783,0.62,4.55392,-3.83657,0.13,10.2
01/08/2020,0.22436,2.725791,2.213149,4.002855,0.65,4.56361,-2.45984,0.1,8.4
01/09/2020,-0.03105,-0.3720061,1.980283,2.974654,0.68,4.56322,-1.46169,0.11,7.8
01/10/2020,0.06463,0.7783769,1.747303,1.035985,0.79,4.56981,-1.0574,0.1,6.8
01/11/2020,0.19366,2.348825,1.697582,0.9122452,0.87,4.57423,-0.35176,0.09,6.7
01/12/2020,0.10437,1.259623,1.600671,1.460152,0.93,4.58705,0.75377,0.09,6.7
01/01/2021,0.0553,0.6655785,1.400569,1.422284,1.08,4.59323,2.75966,0.08,6.4
01/02/2021,0.20867,2.532926,1.405123,1.483059,1.26,4.5592,7.0666,0.04,6.2
01/03/2021,0.2016,2.446183,1.592366,1.877914,1.61,4.58693,11.34127,0.03,6.1
01/04/2021,0.42895,5.270594,2.209393,3.408301,1.64,4.58835,17.46631,0.02,6.1
01/05/2021,0.32536,3.974966,2.562825,3.89083,1.62,4.597,19.24708,0.02,5.8
01/06/2021,0.21299,2.586057,2.558145,3.93809,1.52,4.60165,19.71757,0.04,5.9
01/07/2021,0.31129,3.800121,2.323597,3.451866,1.32,4.60584,20.12953,0.05,5.4
01/08/2021,0.233,2.832117,2.332419,3.071435,1.28,4.60558,20.13124,0.05,5.1
01/09/2021,0.24076,2.927727,2.610662,3.185737,1.37,4.59507,20.55141,0.04,4.7
01/10/2021,0.45173,5.557456,3.007604,3.764793,1.58,4.60871,22.37405,0.05,4.5
01/11/2021,0.36561,4.476626,3.184384,4.315012,1.56,4.61777,22.68633,0.05,4.1
01/12/2021,0.36832,4.510481,3.456458,4.84699,1.47,4.61705,20.36808,0.06,3.9
01/01/2022,0.5476,6.772799,3.965498,5.247844,1.76,4.61724,20.33838,0.15,4
01/02/2022,0.5121,6.321212,4.280304,5.863634,1.93,4.62346,19.97151,0.33,3.8
01/03/2022,0.4457,5.481502,4.534344,6.190488,2.13,4.63155,20.93674,0.44,3.6
01/04/2022,0.59188,7.338402,4.703935,6.377664,2.75,4.63378,21.75769,0.76,3.7
01/05/2022,0.56207,6.957301,4.950974,6.589385,2.9,4.6344,21.49889,0.98,3.6
01/06/2022,0.63824,7.933567,5.39633,7.409006,3.14,4.633,22.43381,1.49,3.6
01/07/2022,0.49631,6.121045,5.59073,7.001409,2.9,4.63522,17.43541,2.23,3.5
01/08/2022,0.57529,7.126101,5.951312,7.057669,2.9,4.63638,15.4793,2.63,3.6
01/09/2022,0.61609,7.64878,6.348017,6.963428,3.52,4.63989,13.6712,3.13,3.5
01/10/2022,0.4186,5.140487,6.312946,6.63296,3.98,4.63903,10.22852,3.72,3.6
01/11/2022,0.46908,5.776424,6.422543,6.183245,3.89,4.63576,8.16731,4.15,3.6
01/12/2022,0.47737,5.881211,6.538167,5.598866,3.62,4.62327,6.86133,4.25,3.5
01/01/2023,0.49984,6.165691,6.487554,5.940981,3.53,4.63228,5.5889,4.54,3.4
01/02/2023,0.54744,6.770738,6.525,6.2719,3.75,4.63279,2.37829,4.65,3.6
01/03/2023,0.3193,3.899589,6.390946,5.604742,3.66,4.63292,-1.13532,4.69,3.5
01/04/2023,0.47207,5.814199,6.264224,5.488069,3.46,4.6369,-3.16686,4.92,3.4
01/05/2023,0.28861,3.5188,5.975255,4.406051,3.57,4.63454,-7.16594,5.14,3.7
01/06/2023,0.26924,3.279158,5.586684,4.197818,3.75,4.6287,-9.41692,5.16,3.6
01/07/2023,0.3241,3.959304,5.405751,3.585371,3.9,4.63543,-6.77222,5.25,3.5
01/08/2023,0.35246,4.312506,5.172225,3.849436,4.17,4.63565,-4.40222,5.3,3.8
01/09/2023,0.41284,5.068087,4.95977,4.44561,4.38,4.63772,-3.34605,5.32,3.8
01/10/2023,0.34508,4.220505,4.882928,4.53301,4.8,4.63062,-3.72329,5.34,3.8
01/11/2023,0.28263,3.444797,4.688293,4.242355,4.5,4.63363,-3.91439,5.27,3.7
01/12/2023,0.34886,4.267526,4.554396,3.976924,4.02,4.63114,-3.11403,5.24,3.7
01/01/2024,0.5474406,6.7707381,4.6039224,4.8181896,4.06,4.61989,-3.42816,5.22,3.7
01/02/2024,0.3544082,4.3367848,4.4031024,5.1186047,4.21,4.63207,-1.44702,5.24,3.9
01/03/2024,0.4212579,5.1738772,4.5092125,5.4223094,4.21,4.63004,-0.76519,5.24,3.8
01/04/2024,0.3789873,4.6438518,4.4123945,4.7176008,4.54,4.62846,0.02725,5.24,3.9
01/05/2024,0.1825958,2.2132888,4.3020234,4.0023108,4.48,4.63453,0.64769,5.25,4
01/06/2024,0.1969981,2.3897603,4.2268758,3.0763905,4.31,4.63719,0.80911,5.24,4.1
01/07/2024,0.2644959,3.2205322,4.1649508,2.6069222,4.25,4.63019,1.37333,5.2,4.3
01/08/2024,0.2934582,3.578896,4.1037059,3.0618577,3.87,4.63554,-0.87318,5.05,4.2
01/09/2024,0.3232956,3.9492788,4.0108733,3.5824752,3.72,4.63014,-2.41143,4.72,4.1
01/10/2024,0.3012616,3.6756454,3.965451,3.7344882,4.1,4.62607,-0.79548,4.51,4.1
01/11/2024,0.1949462,2.3646004,3.8745456,3.3275204,4.36,4.6246,0.21752,4.42,4.2
