observation_date,CORESTICKM157SFRBATL,CORESTICKM158SFRBATL,CORESTICKM159SFRBATL,CORESTICKM679SFRBATL,GS10,INDPRO_LOG,PPIACO_PC1,TB3MS,UNRATE
1913-01-01,,,,,,,,,
1913-02-01,,,,,,,,,
1913-03-01,,,,,,,,,
1913-04-01,,,,,,,,,
1913-05-01,,,,,,,,,
1913-06-01,,,,,,,,,
1913-07-01,,,,,,,,,
1913-08-01,,,,,,,,,
1913-09-01,,,,,,,,,
1913-10-01,,,,,,,,,
1913-11-01,,,,,,,,,
1913-12-01,,,,,,,,,
1914-01-01,,,,,,,-2.47934,,
1914-02-01,,,,,,,-1.66667,,
1914-03-01,,,,,,,-2.50000,,
1914-04-01,,,,,,,-2.50000,,
1914-05-01,,,,,,,-2.52101,,
1914-06-01,,,,,,,-2.52101,,
1914-07-01,,,,,,,-3.33333,,
1914-08-01,,,,,,,0.00000,,
1914-09-01,,,,,,,-0.81967,,
1914-10-01,,,,,,,-4.09836,,
1914-11-01,,,,,,,-3.30579,,
1914-12-01,,,,,,,-2.52101,,
1915-01-01,,,,,,,0.00000,,
1915-02-01,,,,,,,0.00000,,
1915-03-01,,,,,,,0.85470,,
1915-04-01,,,,,,,0.85470,,
1915-05-01,,,,,,,2.58621,,
1915-06-01,,,,,,,1.72414,,
1915-07-01,,,,,,,2.58621,,
1915-08-01,,,,,,,-1.66667,,
1915-09-01,,,,,,,-2.47934,,
1915-10-01,,,,,,,3.41880,,
1915-11-01,,,,,,,5.12821,,
1915-12-01,,,,,,,10.34483,,
1916-01-01,,,,,,,12.71186,,
1916-02-01,,,,,,,14.40678,,
1916-03-01,,,,,,,17.79661,,
1916-04-01,,,,,,,19.49153,,
1916-05-01,,,,,,,19.32773,,
1916-06-01,,,,,,,21.18644,,
1916-07-01,,,,,,,21.00840,,
1916-08-01,,,,,,,24.57627,,
1916-09-01,,,,,,,27.11864,,
1916-10-01,,,,,,,29.75207,,
1916-11-01,,,,,,,36.58537,,
1916-12-01,,,,,,,33.59375,,
1917-01-01,,,,,,,32.33083,,
1917-02-01,,,,,,,33.33333,,
1917-03-01,,,,,,,33.09353,,
1917-04-01,,,,,,,39.71631,,
1917-05-01,,,,,,,46.47887,,
1917-06-01,,,,,,,46.85315,,
1917-07-01,,,,,,,47.22222,,
1917-08-01,,,,,,,46.25850,,
1917-09-01,,,,,,,42.00000,,
1917-10-01,,,,,,,34.39490,,
1917-11-01,,,,,,,26.19048,,
1917-12-01,,,,,,,23.97661,,
1918-01-01,,,,,,,22.72727,,
1918-02-01,,,,,,,17.22222,,
1918-03-01,,,,,,,17.83784,,
1918-04-01,,,,,,,12.18274,,
1918-05-01,,,,,,,6.25000,,
1918-06-01,,,,,,,5.71429,,
1918-07-01,,,,,,,7.07547,,
1918-08-01,,,,,,,7.90698,,
1918-09-01,,,,,,,11.26761,,
1918-10-01,,,,,,,11.37441,,
1918-11-01,,,,,,,10.84906,,
1918-12-01,,,,,,,10.84906,,
1919-01-01,,,,,,1.58215,7.40741,,
1919-02-01,,,,,,1.53695,6.16114,,
1919-03-01,,,,,,1.50763,3.66972,,
1919-04-01,,,,,,1.52532,3.61991,,
1919-05-01,,,,,,1.53115,5.42986,,
1919-06-01,,,,,,1.59315,5.40541,,
1919-07-01,,,,,,1.65152,7.04846,,
1919-08-01,,,,,,1.66686,7.32759,,
1919-09-01,,,,,,1.64635,2.53165,,
1919-10-01,,,,,,1.63592,3.82979,,
1919-11-01,,,,,,1.62010,5.95745,,
1919-12-01,,,,,,1.63592,10.63830,,
1920-01-01,,,,,,1.72599,17.24138,,
1920-02-01,,,,,,1.72599,20.98214,,
1920-03-01,,,,,,1.70667,20.79646,,
1920-04-01,,,,,,1.65152,24.45415,,
1920-05-01,,,,,,1.67697,23.60515,,
1920-06-01,,,,,,1.68695,22.64957,,
1920-07-01,,,,,,1.66176,17.69547,,
1920-08-01,,,,,,1.66686,11.64659,,
1920-09-01,,,,,,1.63067,10.28807,,
1920-10-01,,,,,,1.58766,2.04918,,
1920-11-01,,,,,,1.50165,-7.63052,,
1920-12-01,,,,,,1.43991,-20.00000,,
1921-01-01,,,,,,1.38088,-27.94118,,
1921-02-01,,,,,,1.36039,-33.21033,,
1921-03-01,,,,,,1.33242,-35.16484,,
1921-04-01,,,,,,1.33242,-40.35088,,
1921-05-01,,,,,,1.36039,-42.36111,,
1921-06-01,,,,,,1.35346,-43.90244,,
1921-07-01,,,,,,1.34649,-43.70629,,
1921-08-01,,,,,,1.38088,-42.08633,,
1921-09-01,,,,,,1.38759,-39.92537,,
1921-10-01,,,,,,1.44626,-34.93976,,
1921-11-01,,,,,,1.43351,-29.56522,,
1921-12-01,,,,,,1.42708,-23.07692,,
1922-01-01,,,,,,1.46506,-19.89796,,
1922-02-01,,,,,,1.50763,-11.60221,,
1922-03-01,,,,,,1.55981,-9.60452,,
1922-04-01,,,,,,1.52532,-5.29412,,
1922-05-01,,,,,,1.57660,0.00000,,
1922-06-01,,,,,,1.62541,3.10559,,
1922-07-01,,,,,,1.62541,6.21118,,
1922-08-01,,,,,,1.60400,5.59006,,
1922-09-01,,,,,,1.65665,6.21118,,
1922-10-01,,,,,,1.71153,6.17284,,
1922-11-01,,,,,,1.75430,6.79012,,
1922-12-01,,,,,,1.78181,8.12500,,
1923-01-01,,,,,,1.75893,12.10191,,
1923-02-01,,,,,,1.77273,11.25000,,
1923-03-01,,,,,,1.80420,12.50000,,
1923-04-01,,,,,,1.82608,11.18012,,
1923-05-01,,,,,,1.83898,5.42169,,
1923-06-01,,,,,,1.83039,4.21687,,
1923-07-01,,,,,,1.82174,-0.58480,,
1923-08-01,,,,,,1.80420,-0.58824,,
1923-09-01,,,,,,1.78181,0.58480,,
1923-10-01,,,,,,1.77729,-0.58140,,
1923-11-01,,,,,,1.77729,-1.73410,,
1923-12-01,,,,,,1.75430,-2.31214,,
1924-01-01,,,,,,1.77729,-2.27273,,
1924-02-01,,,,,,1.79530,-3.37079,,
1924-03-01,,,,,,1.77729,-5.55556,,
1924-04-01,,,,,,1.74495,-6.70391,,
1924-05-01,,,,,,1.70178,-5.71429,,
1924-06-01,,,,,,1.65665,-5.20231,,
1924-07-01,,,,,,1.64115,-2.94118,,
1924-08-01,,,,,,1.67697,-1.18343,,
1924-09-01,,,,,,1.71153,-2.90698,,
1924-10-01,,,,,,1.73551,-1.16959,,
1924-11-01,,,,,,1.75430,0.58824,,
1924-12-01,,,,,,1.78181,3.55030,,
1925-01-01,,,,,,1.81300,2.90698,,
1925-02-01,,,,,,1.81300,4.06977,,
1925-03-01,,,,,,1.81300,5.29412,,
1925-04-01,,,,,,1.82174,4.79042,,
1925-05-01,,,,,,1.81738,6.06061,,
1925-06-01,,,,,,1.80860,7.92683,,
1925-07-01,,,,,,1.83469,9.09091,,
1925-08-01,,,,,,1.81738,7.18563,,
1925-09-01,,,,,,1.80420,6.58683,,
1925-10-01,,,,,,1.84324,5.32544,,
1925-11-01,,,,,,1.86430,5.26316,,
1925-12-01,,,,,,1.87671,1.71429,,
1926-01-01,,,,,,1.86012,0.56497,,
1926-02-01,,,,,,1.86012,-1.67598,,
1926-03-01,,,,,,1.87259,-3.35196,,
1926-04-01,,,,,,1.87259,-1.14286,,
1926-05-01,,,,,,1.86430,-1.14286,,
1926-06-01,,,,,,1.87671,-2.25989,,
1926-07-01,,,,,,1.88082,-5.00000,,
1926-08-01,,,,,,1.89305,-4.46927,,
1926-09-01,,,,,,1.90911,-3.37079,,
1926-10-01,,,,,,1.90911,-3.93258,,
1926-11-01,,,,,,1.90512,-5.55556,,
1926-12-01,,,,,,1.90111,-5.05618,,
1927-01-01,,,,,,1.89708,-7.86517,,
1927-02-01,,,,,,1.90512,-5.68182,,
1927-03-01,,,,,,1.91704,-4.62428,,
1927-04-01,,,,,,1.89305,-5.78035,,
1927-05-01,,,,,,1.90111,-6.35838,,
1927-06-01,,,,,,1.89708,-6.35838,,
1927-07-01,,,,,,1.88492,-5.26316,,
1927-08-01,,,,,,1.88492,-4.09357,,
1927-09-01,,,,,,1.86846,-3.48837,,
1927-10-01,,,,,,1.84749,-2.33918,,
1927-11-01,,,,,,1.84749,-2.35294,,
1927-12-01,,,,,,1.85171,-1.77515,,
1928-01-01,,,,,,1.87259,1.21951,,
1928-02-01,,,,,,1.88082,-0.60241,,
1928-03-01,,,,,,1.88899,0.00000,,
1928-04-01,,,,,,1.88492,2.45399,,
1928-05-01,,,,,,1.89708,3.70370,,
1928-06-01,,,,,,1.90512,3.08642,,
1928-07-01,,,,,,1.91704,3.70370,,
1928-08-01,,,,,,1.93661,2.43902,,
1928-09-01,,,,,,1.94434,2.40964,,
1928-10-01,,,,,,1.96339,0.00000,,
1928-11-01,,,,,,1.98208,-0.60241,,
1928-12-01,,,,,,2.00043,-0.60241,,
1929-01-01,,,,,,2.01486,-0.60241,,
1929-02-01,,,,,,2.01127,-0.60606,,
1929-03-01,,,,,,2.01486,0.60606,,
1929-04-01,,,,,,2.03263,-1.19760,,
1929-05-01,,,,,,2.05008,-2.97619,,
1929-06-01,,,,,,2.05698,-1.79641,,
1929-07-01,,,,,,2.07063,-1.19048,,
1929-08-01,,,,,,2.06041,-1.19048,,
1929-09-01,,,,,,2.05353,-2.35294,,
1929-10-01,,,,,,2.03614,-1.79641,,
1929-11-01,,,,,,1.98578,-2.42424,,
1929-12-01,,,,,,1.94048,-2.42424,,
1930-01-01,,,,,,1.94048,-3.63636,,
1930-02-01,,,,,,1.93661,-4.26829,,
1930-03-01,,,,,,1.92099,-6.62651,,
1930-04-01,,,,,,1.91309,-6.06061,,
1930-05-01,,,,,,1.89708,-6.13497,,
1930-06-01,,,,,,1.86846,-8.53659,,
1930-07-01,,,,,,1.82174,-12.65060,,
1930-08-01,,,,,,1.79976,-12.65060,,
1930-09-01,,,,,,1.78181,-12.65060,,
1930-10-01,,,,,,1.75430,-12.80488,,
1930-11-01,,,,,,1.73077,-13.04348,,
1930-12-01,,,,,,1.70667,-14.90683,,
1931-01-01,,,,,,1.70178,-15.09434,,
1931-02-01,,,,,,1.70667,-15.92357,,
1931-03-01,,,,,,1.72599,-15.48387,,
1931-04-01,,,,,,1.73077,-16.77419,,
1931-05-01,,,,,,1.71637,-17.64706,,
1931-06-01,,,,,,1.69192,-17.33333,,
1931-07-01,,,,,,1.67697,-14.48276,,
1931-08-01,,,,,,1.64115,-14.48276,,
1931-09-01,,,,,,1.59315,-15.17241,,
1931-10-01,,,,,,1.55414,-15.38462,,
1931-11-01,,,,,,1.54270,-13.57143,,
1931-12-01,,,,,,1.53695,-13.86861,,
1932-01-01,,,,,,1.50763,-14.07407,,
1932-02-01,,,,,,1.48351,-13.63636,,
1932-03-01,,,,,,1.47126,-12.97710,,
1932-04-01,,,,,,1.40094,-12.40310,,
1932-05-01,,,,,,1.36726,-11.90476,,
1932-06-01,,,,,,1.33242,-11.29032,,
1932-07-01,,,,,,1.30365,-10.48387,,
1932-08-01,,,,,,1.33242,-9.67742,,
1932-09-01,,,,,,1.39429,-8.13008,,
1932-10-01,,,,,,1.42708,-8.26446,,
1932-11-01,,,,,,1.42708,-9.09091,,
1932-12-01,,,,,,1.40754,-8.47458,,
1933-01-01,,,,,,1.38759,-9.48276,,
1933-02-01,,,,,,1.39429,-9.64912,,
1933-03-01,,,,,,1.33242,-8.77193,,
1933-04-01,,,,,,1.40094,-7.96460,,
1933-05-01,,,,,,1.55414,-2.70270,,
1933-06-01,,,,,,1.69686,1.81818,,
1933-07-01,,,,,,1.78633,7.20721,,
1933-08-01,,,,,,1.74495,7.14286,,
1933-09-01,,,,,,1.68695,7.96460,,
1933-10-01,,,,,,1.63592,10.81081,,
1933-11-01,,,,,,1.57660,11.81818,,
1933-12-01,,,,,,1.58215,12.96296,,
1934-01-01,,,,,,1.61476,18.09524,0.72,
1934-02-01,,,,,,1.66176,23.30097,0.62,
1934-03-01,,,,,,1.70667,22.11538,0.24,
1934-04-01,,,,,,1.70667,22.11538,0.15,
1934-05-01,,,,,,1.72599,17.59259,0.16,
1934-06-01,,,,,,1.70667,15.17857,0.15,
1934-07-01,,,,,,1.63592,8.40336,0.15,
1934-08-01,,,,,,1.62541,10.00000,0.19,
1934-09-01,,,,,,1.56544,9.83607,0.21,
1934-10-01,,,,,,1.60940,7.31707,0.27,
1934-11-01,,,,,,1.62010,7.31707,0.25,
1934-12-01,,,,,,1.68196,9.01639,0.23,
1935-01-01,,,,,,1.75893,9.67742,0.20,
1935-02-01,,,,,,1.77729,7.87402,0.19,
1935-03-01,,,,,,1.77273,7.87402,0.15,
1935-04-01,,,,,,1.75430,8.66142,0.15,
1935-05-01,,,,,,1.75430,8.66142,0.15,
1935-06-01,,,,,,1.76815,6.97674,0.15,
1935-07-01,,,,,,1.76815,6.20155,0.15,
1935-08-01,,,,,,1.80418,5.30303,0.16,
1935-09-01,,,,,,1.83039,3.73134,0.20,
1935-10-01,,,,,,1.86012,5.30303,0.20,
1935-11-01,,,,,,1.88082,5.30303,0.16,
1935-12-01,,,,,,1.89304,5.26316,0.15,
1936-01-01,,,,,,1.87671,2.20588,0.20,
1936-02-01,,,,,,1.85171,1.45985,0.20,
1936-03-01,,,,,,1.86430,0.00000,0.20,
1936-04-01,,,,,,1.92492,-0.72464,0.20,
1936-05-01,,,,,,1.94434,-2.17391,0.20,
1936-06-01,,,,,,1.96339,-0.72464,0.20,
1936-07-01,,,,,,1.98208,1.45985,0.15,
1936-08-01,,,,,,1.99678,0.71942,0.20,
1936-09-01,,,,,,2.01486,0.71942,0.16,
1936-10-01,,,,,,2.02911,0.71942,0.13,
1936-11-01,,,,,,2.05698,2.15827,0.11,
1936-12-01,,,,,,2.08743,3.57143,0.12,
1937-01-01,,,,,,2.08409,6.47482,0.17,
1937-02-01,,,,,,2.09739,7.19424,0.15,
1937-03-01,,,,,,2.12022,10.21898,0.38,
1937-04-01,,,,,,2.12022,10.94891,0.56,
1937-05-01,,,,,,2.12345,11.85185,0.41,
1937-06-01,,,,,,2.11050,9.48905,0.36,
1937-07-01,,,,,,2.11700,9.35252,0.28,
1937-08-01,,,,,,2.11050,7.85714,0.29,
1937-09-01,,,,,,2.07739,7.85714,0.31,
1937-10-01,,,,,,2.00043,5.00000,0.20,
1937-11-01,,,,,,1.89708,1.40845,0.09,
1937-12-01,,,,,,1.80418,-2.75862,0.11,
1938-01-01,,,,,,1.78181,-5.40541,0.10,
1938-02-01,,,,,,1.77273,-7.38255,0.08,
1938-03-01,,,,,,1.77273,-9.27152,0.08,
1938-04-01,,,,,,1.75430,-11.18421,0.09,
1938-05-01,,,,,,1.73077,-10.59603,0.05,
1938-06-01,,,,,,1.74024,-10.00000,0.05,
1938-07-01,,,,,,1.79530,-10.52632,0.07,
1938-08-01,,,,,,1.84749,-11.25828,0.06,
1938-09-01,,,,,,1.87671,-10.59603,0.08,
1938-10-01,,,,,,1.90111,-8.84354,0.05,
1938-11-01,,,,,,1.94048,-6.94444,0.04,
1938-12-01,,,,,,1.95201,-5.67376,0.03,
1939-01-01,,,,,,1.95201,-5.00000,0.03,
1939-02-01,,,,,,1.95960,-3.62319,0.03,
1939-03-01,,,,,,1.96339,-3.64964,0.03,
1939-04-01,,,,,,1.95960,-2.96296,0.03,
1939-05-01,,,,,,1.95580,-2.96296,0.03,
1939-06-01,,,,,,1.97836,-3.70370,0.03,
1939-07-01,,,,,,2.00768,-4.41176,0.04,
1939-08-01,,,,,,2.02201,-3.73134,0.05,
1939-09-01,,,,,,2.08075,0.74074,0.14,
1939-10-01,,,,,,2.12986,2.23881,0.05,
1939-11-01,,,,,,2.15509,1.49254,0.05,
1939-12-01,,,,,,2.15509,3.00752,0.04,
1940-01-01,,,,,,2.14256,3.00752,0.01,
1940-02-01,,,,,,2.11050,2.25564,0.02,
1940-03-01,,,,,,2.08743,2.27273,0.02,
1940-04-01,,,,,,2.10724,3.05344,0.02,
1940-05-01,,,,,,2.13622,3.05344,0.06,
1940-06-01,,,,,,2.16748,3.07692,0.10,
1940-07-01,,,,,,2.17972,3.07692,0.05,
1940-08-01,,,,,,2.18577,3.87597,0.04,
1940-09-01,,,,,,2.20670,-1.47059,0.05,
1940-10-01,,,,,,2.22139,-0.72993,0.02,
1940-11-01,,,,,,2.24444,0.73529,0.02,
1940-12-01,,,,,,2.27806,0.72993,0.02,
1941-01-01,,,,,,2.30255,1.45985,0.02,
1941-02-01,,,,,,2.33169,2.20588,0.04,
1941-03-01,,,,,,2.36254,3.70370,0.11,
1941-04-01,,,,,,2.36507,6.66667,0.10,
1941-05-01,,,,,,2.40952,8.14815,0.11,
1941-06-01,,,,,,2.41674,11.94030,0.12,
1941-07-01,,,,,,2.42866,14.17910,0.12,
1941-08-01,,,,,,2.44044,16.41791,0.13,
1941-09-01,,,,,,2.44044,17.91045,0.10,
1941-10-01,,,,,,2.44976,16.91176,0.09,
1941-11-01,,,,,,2.45440,16.05839,0.28,
1941-12-01,,,,,,2.47043,17.39130,0.33,
1942-01-01,,,,,,2.49068,18.70504,0.27,
1942-02-01,,,,,,2.50834,20.14388,0.25,
1942-03-01,,,,,,2.51922,20.00000,0.25,
1942-04-01,,,,,,2.49068,18.05556,0.32,
1942-05-01,,,,,,2.49290,16.43836,0.37,
1942-06-01,,,,,,2.49512,13.33333,0.37,
1942-07-01,,,,,,2.51922,11.11111,0.38,
1942-08-01,,,,,,2.54907,9.61538,0.38,
1942-09-01,,,,,,2.57192,8.86076,0.38,
1942-10-01,,,,,,2.60424,8.17610,0.38,
1942-11-01,,,,,,2.62782,8.80503,0.38,
1942-12-01,,,,,,2.65086,7.40741,0.38,
1943-01-01,,,,,,2.66030,6.06061,0.38,
1943-02-01,,,,,,2.68627,5.98802,0.38,
1943-03-01,,,,,,2.69357,5.95238,0.38,
1943-04-01,,,,,,2.70622,5.29412,0.38,
1943-05-01,,,,,,2.71338,5.29412,0.38,
1943-06-01,,,,,,2.70802,5.29412,0.38,
1943-07-01,,,,,,2.73802,4.70588,0.38,
1943-08-01,,,,,,2.75868,4.09357,0.38,
1943-09-01,,,,,,2.78391,3.48837,0.38,
1943-10-01,,,,,,2.79875,3.48837,0.38,
1943-11-01,,,,,,2.81176,2.31214,0.38,
1943-12-01,,,,,,2.79875,2.29885,0.38,
1944-01-01,,,,,,2.81014,1.71429,0.38,
1944-02-01,,,,,,2.81820,0.56497,0.38,
1944-03-01,,,,,,2.81659,0.56180,0.38,
1944-04-01,,,,,,2.81659,0.00000,0.38,
1944-05-01,,,,,,2.81014,0.00000,0.38,
1944-06-01,,,,,,2.80690,0.55866,0.38,
1944-07-01,,,,,,2.80528,0.56180,0.38,
1944-08-01,,,,,,2.81820,0.56180,0.38,
1944-09-01,,,,,,2.81176,0.56180,0.38,
1944-10-01,,,,,,2.81499,0.56180,0.38,
1944-11-01,,,,,,2.80690,1.69492,0.38,
1944-12-01,,,,,,2.80365,1.12360,0.38,
1945-01-01,,,,,,2.79383,1.68539,0.38,
1945-02-01,,,,,,2.79053,1.68539,0.38,
1945-03-01,,,,,,2.78391,1.11732,0.38,
1945-04-01,,,,,,2.76547,1.67598,0.38,
1945-05-01,,,,,,2.73802,2.23464,0.38,
1945-06-01,,,,,,2.71516,1.66667,0.38,
1945-07-01,,,,,,2.69176,2.23464,0.38,
1945-08-01,,,,,,2.58213,1.67598,0.38,
1945-09-01,,,,,,2.48845,1.11732,0.38,
1945-10-01,,,,,,2.44744,1.67598,0.38,
1945-11-01,,,,,,2.48397,2.22222,0.38,
1945-12-01,,,,,,2.48845,2.22222,0.38,
1946-01-01,,,,,,2.43103,1.65746,0.38,
1946-02-01,,,,,,2.38011,2.20994,0.38,
1946-03-01,,,,,,2.47948,3.86740,0.38,
1946-04-01,,,,,,2.46130,4.39560,0.38,
1946-05-01,,,,,,2.42391,4.37158,0.38,
1946-06-01,,,,,,2.48397,6.01093,0.38,
1946-07-01,,,,,,2.51705,17.48634,0.38,
1946-08-01,,,,,,2.55327,21.97802,0.38,
1946-09-01,,,,,,2.57192,18.23204,0.38,
1946-10-01,,,,,,2.59023,26.92308,0.38,
1946-11-01,,,,,,2.59626,30.97826,0.38,
1946-12-01,,,,,,2.60225,32.06522,0.38,
1947-01-01,,,,,,2.61414,33.15217,0.38,
1947-02-01,,,,,,2.62003,33.51351,0.38,
1947-03-01,,,,,,2.62588,34.57447,0.38,
1947-04-01,,,,,,2.61807,32.10526,0.38,
1947-05-01,,,,,,2.62198,30.89005,0.38,
1947-06-01,,,,,,2.62198,28.86598,0.38,
1947-07-01,,,,,,2.61610,17.67442,0.66,
1947-08-01,,,,,,2.62198,15.31532,0.75,
1947-09-01,,,,,,2.62976,21.96262,0.80,
1947-10-01,,,,,,2.63941,14.28571,0.85,
1947-11-01,,,,,,2.65275,10.78838,0.92,
1947-12-01,,,,,,2.65653,11.93416,0.95,
1948-01-01,,,,,,2.66217,13.06122,0.97,3.4
1948-02-01,,,,,,2.66405,10.12146,1.00,3.8
1948-03-01,,,,,,2.65276,7.50988,1.00,4.0
1948-04-01,,,,,,2.65464,9.16335,1.00,3.9
1948-05-01,,,,,,2.67151,10.00000,1.00,3.5
1948-06-01,,,,,,2.68444,10.80000,1.00,3.6
1948-07-01,,,,,,2.68444,10.67194,1.00,3.6
1948-08-01,,,,,,2.68076,10.15625,1.06,3.9
1948-09-01,,,,,,2.67337,7.66284,1.09,3.8
1948-10-01,,,,,,2.68077,5.30303,1.12,3.7
1948-11-01,,,,,,2.66779,4.11985,1.14,3.8
1948-12-01,,,,,,2.65842,1.47059,1.16,4.0
1949-01-01,,,,,,2.64896,-1.44404,1.17,4.3
1949-02-01,,,,,,2.63941,-1.47059,1.17,4.7
1949-03-01,,,,,,2.62003,-1.47059,1.17,5.0
1949-04-01,,,,,,2.61414,-3.28467,1.17,5.3
1949-05-01,,,,,,2.60026,-4.36364,1.17,6.1
1949-06-01,,,,,,2.59827,-6.13718,1.17,6.2
1949-07-01,,,,,,2.59626,-7.14286,1.02,6.7
1949-08-01,,,,,,2.60623,-7.80142,1.04,6.8
1949-09-01,,,,,,2.61610,-7.11744,1.07,6.6
1949-10-01,,,,,,2.57806,-6.47482,1.05,7.9
1949-11-01,,,,,,2.60424,-6.47482,1.08,6.4
1949-12-01,,,,,,2.62198,-6.15942,1.10,6.6
1950-01-01,,,,,,2.63941,-5.12821,1.07,6.5
1950-02-01,,,,,,2.64323,-2.61194,1.12,6.4
1950-03-01,,,,,,2.67522,-2.61194,1.12,6.3
1950-04-01,,,,,,2.70802,-1.50943,1.15,5.8
1950-05-01,,,,,,2.73104,0.38023,1.16,5.5
1950-06-01,,,,,,2.76038,2.30769,1.15,5.4
1950-07-01,,,,,,2.79218,5.00000,1.16,5.0
1950-08-01,,,,,,2.82301,7.30769,1.20,4.5
1950-09-01,,,,,,2.81659,8.81226,1.30,4.4
1950-10-01,,,,,,2.82300,10.00000,1.31,4.2
1950-11-01,,,,,,2.82141,11.53846,1.36,4.2
1950-12-01,,,,,,2.83886,14.67181,1.34,4.3
1951-01-01,,,,,,2.84199,17.76062,1.34,3.7
1951-02-01,,,,,,2.84825,18.39080,1.36,3.4
1951-03-01,,,,,,2.85291,18.39080,1.40,3.4
1951-04-01,,,,,,2.85446,18.00766,1.47,3.1
1951-05-01,,,,,,2.85135,16.28788,1.55,3.0
1951-06-01,,,,,,2.84669,14.66165,1.45,3.2
1951-07-01,,,,,,2.83096,10.98901,1.56,3.1
1951-08-01,,,,,,2.82141,7.88530,1.62,3.1
1951-09-01,,,,,,2.82779,5.98592,1.63,3.3
1951-10-01,,,,,,2.82619,5.24476,1.54,3.5
1951-11-01,,,,,,2.83412,3.79310,1.56,3.5
1951-12-01,,,,,,2.84042,1.34680,1.73,3.1
1952-01-01,,,,,,2.85135,-1.63934,1.57,3.2
1952-02-01,,,,,,2.85754,-3.55987,1.54,3.1
1952-03-01,,,,,,2.86063,-3.55987,1.59,2.9
1952-04-01,,,,,,2.85135,-3.89610,1.57,2.9
1952-05-01,,,,,,2.84199,-3.58306,1.67,3.0
1952-06-01,,,,,,2.83254,-3.27869,1.70,3.0
1952-07-01,,,,,,2.81659,-2.31023,1.81,3.2
1952-08-01,,,,,,2.87892,-0.99668,1.83,3.4
1952-09-01,,,,,,2.91453,-1.66113,1.71,3.1
1952-10-01,,,,,,2.92469,-1.99336,1.74,3.0
1952-11-01,,,,,,2.94469,-2.65781,1.85,2.8
1952-12-01,,,,,,2.95033,-3.32226,2.09,2.7
1953-01-01,,,,,,2.95314,-3.00000,1.96,2.9
1953-02-01,,,,,,2.95873,-2.34899,1.97,2.6
1953-03-01,,,,,,2.96707,-2.01342,2.01,2.6
1953-04-01,,,,,2.83,2.97120,-2.02703,2.19,2.7
1953-05-01,,,,,3.05,2.97670,-1.68919,2.16,2.5
1953-06-01,,,,,3.11,2.97258,-1.69492,2.11,2.5
1953-07-01,,,,,2.93,2.98488,-0.67568,2.04,2.6
1953-08-01,,,,,2.95,2.97944,-1.67785,2.04,2.7
1953-09-01,,,,,2.87,2.95873,-0.67568,1.79,2.9
1953-10-01,,,,,2.66,2.95033,-1.01695,1.38,3.1
1953-11-01,,,,,2.68,2.92613,-0.68259,1.44,3.5
1953-12-01,,,,,2.59,2.90133,0.34364,1.60,4.5
1954-01-01,,,,,2.48,2.89392,1.03093,1.18,4.9
1954-02-01,,,,,2.47,2.89688,0.68729,0.97,5.2
1954-03-01,,,,,2.37,2.89093,0.34247,1.03,5.7
1954-04-01,,,,,2.29,2.88495,1.37931,0.97,5.9
1954-05-01,,,,,2.37,2.89093,1.03093,0.76,5.9
1954-06-01,,,,,2.38,2.89392,0.68966,0.64,5.6
1954-07-01,,,,,2.30,2.89540,-0.34014,0.72,5.8
1954-08-01,,,,,2.36,2.89392,0.00000,0.92,6.0
1954-09-01,,,,,2.38,2.89540,-0.68027,1.01,6.1
1954-10-01,,,,,2.43,2.90722,-0.34247,0.98,5.7
1954-11-01,,,,,2.48,2.92324,0.34364,0.93,5.3
1954-12-01,,,,,2.51,2.93616,-0.68493,1.15,5.0
1955-01-01,,,,,2.61,2.95873,-0.68027,1.22,4.9
1955-02-01,,,,,2.65,2.97120,0.00000,1.17,4.7
1955-03-01,,,,,2.68,2.99435,-0.34130,1.28,4.6
1955-04-01,,,,,2.75,3.00639,-0.34014,1.59,4.7
1955-05-01,,,,,2.76,3.02222,-1.02041,1.45,4.3
1955-06-01,,,,,2.78,3.02353,0.34247,1.41,4.2
1955-07-01,,,,,2.90,3.03135,0.00000,1.60,4.0
1955-08-01,,,,,2.97,3.03005,0.34130,1.90,4.2
1955-09-01,,,,,2.97,3.03652,1.36986,2.07,4.1
1955-10-01,,,,,2.88,3.05315,1.71821,2.23,4.3
1955-11-01,,,,,2.89,3.05569,1.02740,2.24,4.2
1955-12-01,,,,,2.96,3.05948,1.72414,2.54,4.2
1956-01-01,,,,,2.90,3.06576,1.71233,2.41,4.0
1956-02-01,,,,,2.84,3.05695,1.70648,2.32,3.9
1956-03-01,,,,,2.96,3.05695,2.39726,2.25,4.2
1956-04-01,,,,,3.18,3.06451,2.73038,2.60,4.0
1956-05-01,,,,,3.07,3.05569,4.12371,2.61,4.3
1956-06-01,,,,,3.00,3.04679,3.41297,2.49,4.3
1956-07-01,,,,,3.11,3.01566,3.07167,2.31,4.4
1956-08-01,,,,,3.33,3.05569,3.40136,2.60,4.1
1956-09-01,,,,,3.38,3.07822,3.37838,2.84,3.9
1956-10-01,,,,,3.34,3.08684,3.37838,2.90,3.9
1956-11-01,,,,,3.49,3.07822,4.06780,2.99,4.3
1956-12-01,,,,,3.59,3.09296,4.40678,3.21,4.2
1957-01-01,,,,,3.46,3.08930,4.37710,3.11,4.2
1957-02-01,,,,,3.34,3.09904,4.02685,3.10,3.9
1957-03-01,,,,,3.41,3.09783,3.67893,3.08,3.7
1957-04-01,,,,,3.48,3.08439,3.32226,3.07,3.9
1957-05-01,,,,,3.60,3.08069,2.31023,3.06,4.1
1957-06-01,,,,,3.80,3.08316,2.64026,3.29,4.3
1957-07-01,,,,,3.93,3.08930,3.64238,3.16,4.2
1957-08-01,,,,,3.93,3.08930,3.28947,3.37,4.1
1957-09-01,,,,,3.92,3.08069,2.28758,3.53,4.4
1957-10-01,,,,,3.97,3.06576,1.96078,3.58,4.5
1957-11-01,,,,,3.72,3.04167,1.95440,3.31,5.1
1957-12-01,,,,,3.21,3.02222,1.94805,3.04,5.2
1958-01-01,,,,,3.09,3.00373,1.61290,2.44,5.8
1958-02-01,,,,,3.05,2.98217,1.61290,1.53,6.4
1958-03-01,,,,,2.98,2.96982,2.25806,1.30,6.7
1958-04-01,,,,,2.88,2.95314,1.60772,1.13,7.4
1958-05-01,,,,,2.92,2.96290,2.25806,0.91,7.4
1958-06-01,,,,,2.97,2.98895,1.60772,0.83,7.3
1958-07-01,,,,,3.20,3.00373,0.95847,0.91,7.5
1958-08-01,,,,,3.54,3.02353,0.63694,1.69,7.4
1958-09-01,,,,,3.76,3.03264,0.95847,2.44,7.1
1958-10-01,,,,,3.80,3.04423,0.96154,2.63,6.7
1958-11-01,,,,,3.74,3.07325,0.95847,2.67,6.2
1958-12-01,,,,,3.86,3.07450,0.63694,2.77,6.2
1959-01-01,,,,,4.02,3.08930,0.63492,2.82,6.0
1959-02-01,,,,,3.96,3.10869,0.63492,2.70,5.9
1959-03-01,,,,,3.99,3.12299,0.00000,2.80,5.6
1959-04-01,,,,,4.12,3.14407,0.63291,2.95,5.2
1959-05-01,,,,,4.31,3.15902,0.31546,2.84,5.1
1959-06-01,,,,,4.34,3.16016,0.31646,3.21,5.0
1959-07-01,,,,,4.40,3.13592,0.31646,3.20,5.1
1959-08-01,,,,,4.43,3.10146,0.00000,3.38,5.2
1959-09-01,,,,,4.68,3.10025,0.31646,4.04,5.5
1959-10-01,,,,,4.53,3.09296,0.31746,4.05,5.7
1959-11-01,,,,,4.53,3.09904,-0.31646,4.15,5.8
1959-12-01,,,,,4.69,3.15902,-0.31646,4.49,5.3
1960-01-01,,,,,4.72,3.18494,-0.31546,4.35,5.2
1960-02-01,,,,,4.49,3.17600,-0.31546,3.96,4.8
1960-03-01,,,,,4.25,3.16698,0.31546,3.31,5.4
1960-04-01,,,,,4.28,3.15902,0.00000,3.23,5.2
1960-05-01,,,,,4.35,3.15788,-0.31447,3.29,5.1
1960-06-01,,,,,4.15,3.14523,0.00000,2.46,5.4
1960-07-01,,,,,3.90,3.14175,0.00000,2.30,5.5
1960-08-01,,,,,3.80,3.14059,0.00000,2.30,5.6
1960-09-01,,,,,3.80,3.13007,-0.31546,2.48,5.5
1960-10-01,,,,,3.89,3.12889,0.31646,2.30,6.1
1960-11-01,,,,,3.93,3.11467,0.63492,2.37,6.1
1960-12-01,,,,,3.84,3.09540,0.63492,2.25,6.6
1961-01-01,,,,,3.84,3.09661,0.63291,2.24,6.6
1961-02-01,,,,,3.78,3.09540,0.63291,2.42,6.9
1961-03-01,,,,,3.74,3.10146,0.00000,2.39,6.9
1961-04-01,,,,,3.78,3.12181,-0.62893,2.29,7.0
1961-05-01,,,,,3.71,3.13709,-0.63091,2.29,7.1
1961-06-01,,,,,3.88,3.15100,-1.26183,2.33,6.9
1961-07-01,,,,,3.92,3.16244,-0.63091,2.24,7.0
1961-08-01,,,,,4.04,3.17150,-0.31646,2.39,6.6
1961-09-01,,,,,3.98,3.17037,-0.31646,2.28,6.7
1961-10-01,,,,,3.92,3.18938,-0.63091,2.30,6.5
1961-11-01,,,,,3.94,3.20476,-0.63091,2.48,6.1
1961-12-01,,,,,4.06,3.21345,-0.31546,2.60,6.0
1962-01-01,,,,,4.08,3.20476,-0.31447,2.72,5.8
1962-02-01,,,,,4.04,3.22099,-0.31447,2.73,5.5
1962-03-01,,,,,3.93,3.22634,-0.31447,2.72,5.6
1962-04-01,,,,,3.84,3.22847,0.00000,2.73,5.6
1962-05-01,,,,,3.87,3.22740,0.00000,2.69,5.5
1962-06-01,,,,,3.91,3.22527,0.63898,2.73,5.5
1962-07-01,,,,,4.01,3.23484,0.31746,2.92,5.4
1962-08-01,,,,,3.98,3.23590,0.31746,2.82,5.7
1962-09-01,,,,,3.98,3.24222,1.26984,2.78,5.6
1962-10-01,,,,,3.93,3.24327,0.63492,2.74,5.4
1962-11-01,,,,,3.92,3.24746,0.63492,2.83,5.7
1962-12-01,,,,,3.86,3.24746,0.00000,2.87,5.5
1963-01-01,,,,,3.83,3.25474,-0.31546,2.91,5.7
1963-02-01,,,,,3.92,3.26610,-0.63091,2.92,5.9
1963-03-01,,,,,3.93,3.27223,-0.63091,2.89,5.7
1963-04-01,,,,,3.97,3.28136,-0.63291,2.90,5.7
1963-05-01,,,,,3.93,3.29341,0.00000,2.93,5.9
1963-06-01,,,,,3.99,3.29640,0.31746,2.99,5.6
1963-07-01,,,,,4.02,3.29241,0.31646,3.18,5.6
1963-08-01,,,,,4.00,3.29441,0.00000,3.32,5.4
1963-09-01,,,,,4.08,3.30433,-0.94044,3.38,5.5
1963-10-01,,,,,4.11,3.31121,-0.31546,3.45,5.5
1963-11-01,,,,,4.12,3.31610,0.00000,3.52,5.7
1963-12-01,,,,,4.13,3.31415,0.00000,3.52,5.5
1964-01-01,,,,,4.17,3.32291,0.63291,3.52,5.6
1964-02-01,,,,,4.15,3.32967,0.31746,3.53,5.4
1964-03-01,,,,,4.22,3.32967,0.31746,3.54,5.4
1964-04-01,,,,,4.23,3.34590,0.63694,3.47,5.3
1964-05-01,,,,,4.20,3.35157,0.00000,3.48,5.1
1964-06-01,,,,,4.17,3.35439,-0.31646,3.48,5.2
1964-07-01,,,,,4.19,3.36094,-0.31546,3.46,4.9
1964-08-01,,,,,4.19,3.36744,0.00000,3.50,5.0
1964-09-01,,,,,4.20,3.37115,0.31646,3.53,5.1
1964-10-01,,,,,4.19,3.35720,0.31646,3.57,5.1
1964-11-01,,,,,4.15,3.38763,0.00000,3.64,4.8
1964-12-01,,,,,4.18,3.39937,0.31646,3.84,5.0
1965-01-01,,,,,4.19,3.41008,0.00000,3.81,4.9
1965-02-01,,,,,4.21,3.41628,0.94937,3.93,5.1
1965-03-01,,,,,4.21,3.42943,0.94937,3.93,4.7
1965-04-01,,,,,4.20,3.43378,1.26582,3.93,4.8
1965-05-01,,,,,4.21,3.44155,1.90476,3.89,4.6
1965-06-01,,,,,4.21,3.44927,2.85714,3.80,4.6
1965-07-01,,,,,4.20,3.45862,2.53165,3.84,4.4
1965-08-01,,,,,4.25,3.46284,2.53165,3.84,4.4
1965-09-01,,,,,4.29,3.46536,2.20820,3.92,4.3
1965-10-01,,,,,4.35,3.47540,2.52366,4.03,4.2
1965-11-01,,,,,4.45,3.47955,2.83912,4.09,4.1
1965-12-01,,,,,4.62,3.49190,3.47003,4.38,4.0
1966-01-01,,,,,4.61,3.50167,3.45912,4.59,4.0
1966-02-01,,,,,4.83,3.50813,4.07524,4.65,3.8
1966-03-01,,,,,4.87,3.52173,4.07524,4.59,3.8
1966-04-01,,,,,4.75,3.52332,3.75000,4.62,3.8
1966-05-01,,,,,4.78,3.53279,3.42679,4.64,3.9
1966-06-01,,,,,4.81,3.53749,2.77778,4.50,3.8
1966-07-01,,,,,5.02,3.54295,3.39506,4.80,3.8
1966-08-01,,,,,5.22,3.54372,3.70370,4.96,3.8
1966-09-01,,,,,5.18,3.55301,3.70370,5.37,3.7
1966-10-01,,,,,5.01,3.55991,2.76923,5.35,3.7
1966-11-01,,,,,5.16,3.55301,2.14724,5.32,3.6
1966-12-01,,,,,4.84,3.55531,1.52439,4.96,3.8
1967-01-01,,,,,4.58,3.56002,1.51976,4.72,3.9
1967-02-01,0.2934041,3.5782254,,,4.63,3.54861,0.60241,4.56,3.8
1967-03-01,0.0323842,0.3893037,,,4.54,3.54296,0.30120,4.26,3.8
1967-04-01,0.2941261,3.5871731,,2.5071038,4.59,3.55235,-0.30120,3.84,3.8
1967-05-01,0.2845174,3.4681460,,2.4707772,4.85,3.54358,0.30120,3.60,3.8
1967-06-01,0.2918565,3.5590481,,3.5381099,5.02,3.54346,0.60060,3.54,3.9
1967-07-01,0.3330950,4.0711883,,3.6991214,5.16,3.54118,0.00000,4.21,3.8
1967-08-01,0.2998727,3.6584191,,3.7626484,5.28,3.56016,-0.59524,4.27,3.8
1967-09-01,0.2183134,2.6514467,,3.4586299,5.30,3.55853,-0.59524,4.42,3.8
1967-10-01,0.3753968,4.5989440,,3.6332183,5.48,3.56664,0.00000,4.56,4.0
1967-11-01,0.3683094,4.5103512,,3.9163524,5.75,3.58084,0.30030,4.73,3.9
1967-12-01,0.3110990,3.7977319,,4.3017248,5.70,3.59156,1.20120,4.97,3.8
1968-01-01,0.4903828,6.0459299,3.6518611,4.7804820,5.53,3.59048,1.19760,5.00,3.7
1968-02-01,0.3146510,3.8418454,3.6738194,4.5565927,5.56,3.59405,1.79641,4.98,3.8
1968-03-01,0.4842787,5.9686574,4.1421640,5.2805014,5.74,3.59717,2.40240,5.17,3.7
1968-04-01,0.3072853,3.7503865,4.1558281,4.5152950,5.64,3.59862,3.02115,5.38,3.5
1968-05-01,0.2194467,2.6653775,4.0882454,4.1190958,5.87,3.60977,2.70270,5.66,3.5
1968-06-01,0.7325006,9.1529254,4.5455693,5.1517174,5.72,3.61344,2.08955,5.52,3.7
1968-07-01,0.5322409,6.5772131,4.7530763,6.0981756,5.50,3.61191,2.38806,5.31,3.7
1968-08-01,0.4851757,5.9800096,4.9466066,7.2279241,5.42,3.61469,2.39521,5.09,3.5
1968-09-01,0.2198799,2.6707024,4.9482470,5.0618271,5.46,3.61847,2.99401,5.19,3.4
1968-10-01,0.5995311,7.4364080,5.1825923,5.3433979,5.58,3.62046,2.99401,5.35,3.4
1968-11-01,0.5751821,7.1247769,5.3993879,5.7213373,5.70,3.63331,3.29341,5.45,3.4
1968-12-01,0.6032401,7.4839493,5.7063478,7.3482598,6.03,3.63646,2.67062,5.96,3.4
1969-01-01,0.5282656,6.5266514,5.7461970,7.0443971,6.04,3.64249,2.95858,6.14,3.4
1969-02-01,0.3182170,3.8861510,5.7499561,5.9546080,6.19,3.64887,2.94118,6.12,3.4
1969-03-01,0.8407978,10.5694819,6.1251578,6.9589347,6.30,3.65668,3.22581,6.02,3.4
1969-04-01,0.6668906,8.3028416,6.5056204,7.5501270,6.17,3.65300,3.51906,6.11,3.4
1969-05-01,0.4782284,5.8921166,6.7806340,8.2379567,6.32,3.64921,3.80117,6.04,3.4
1969-06-01,0.3507533,4.2911949,6.3759660,6.1492772,6.57,3.65893,4.38596,6.44,3.5
1969-07-01,0.5448128,6.7372566,6.3892686,5.6353080,6.72,3.66420,4.37318,7.00,3.5
1969-08-01,0.5092397,6.2849695,6.4147465,5.7657802,6.69,3.66649,4.38596,6.98,3.5
1969-09-01,0.6154409,7.6404779,6.8347583,6.8860846,7.16,3.66627,4.06977,7.09,3.7
1969-10-01,0.3409088,4.1684880,6.5601063,6.0216625,7.10,3.66656,4.36047,7.00,3.7
1969-11-01,0.4593586,5.6537247,6.4373905,5.8113519,7.14,3.65709,4.63768,7.24,3.5
1969-12-01,0.5699442,7.0578483,6.4021638,5.6200968,7.65,3.65440,4.91329,7.82,3.5
1970-01-01,0.7079715,8.8343980,6.5923700,7.1740972,7.79,3.63571,4.88506,7.87,3.9
1970-02-01,0.7524923,9.4131632,7.0538059,8.4304902,7.24,3.63505,4.85714,7.13,4.2
1970-03-01,0.7836114,9.8193820,6.9930961,9.3549004,7.07,3.63375,4.26136,6.63,4.4
1970-04-01,0.5019951,6.1930754,6.8178381,8.4629942,7.39,3.63118,4.24929,6.51,4.6
1970-05-01,0.6004157,7.4477444,6.9477347,7.8096159,7.91,3.63001,3.66197,6.84,4.8
1970-06-01,0.5423950,6.7064611,7.1519748,6.7811858,7.84,3.62677,3.36134,6.68,4.9
1970-07-01,0.4095990,5.0274425,7.0078757,6.3890514,7.46,3.62922,3.63128,6.45,5.0
1970-08-01,0.6097383,7.5672917,7.1148723,6.4284933,7.53,3.62744,3.36134,6.41,5.1
1970-09-01,0.5838710,7.2358866,7.0812630,6.6042184,7.39,3.62052,3.63128,6.12,5.4
1970-10-01,0.3187711,3.8930366,7.0576383,6.2190160,7.33,3.60032,3.34262,5.91,5.5
1970-11-01,0.7127006,8.8957428,7.3276201,6.6544948,6.84,3.59424,2.77008,5.28,5.9
1970-12-01,0.5840571,7.2382680,7.3426813,6.6552843,6.39,3.61695,2.20386,4.87,6.1
1971-01-01,0.4004105,4.9121683,7.0148580,7.0028927,6.24,3.62461,2.19178,4.44,5.9
1971-02-01,0.1073393,1.2957033,6.3296050,4.4533147,6.11,3.62270,2.72480,3.70,5.9
1971-03-01,-0.0011981,-0.0143761,5.5016085,2.0433755,5.70,3.62162,2.99728,3.38,6.0
1971-04-01,0.3158952,3.8573025,5.3062508,1.7002158,5.83,3.62722,2.98913,3.86,5.9
1971-05-01,0.3654359,4.4744519,5.0602792,2.7530922,6.39,3.63228,3.53261,4.14,5.9
1971-06-01,0.7136214,8.9076907,5.2391997,5.7227772,6.52,3.63646,3.52304,4.75,5.9
1971-07-01,0.3388466,4.1428007,5.1650442,5.8195640,6.73,3.63356,3.23450,5.40,6.0
1971-08-01,0.3692056,4.5215495,4.9136208,5.8354630,6.58,3.62774,4.33604,4.94,6.1
1971-09-01,0.3525912,4.3141181,4.6723853,4.3260412,6.14,3.64386,3.23450,4.69,6.0
1971-10-01,0.0352659,0.4240122,4.3765766,3.0691829,5.93,3.65132,3.23450,4.46,5.8
1971-11-01,0.3041411,3.7113678,3.9531539,2.8021838,5.81,3.65555,3.23450,4.22,6.0
1971-12-01,0.3171033,3.8723116,3.6772583,2.6568441,5.93,3.66703,4.04313,4.01,6.0
1972-01-01,0.4498201,5.5334067,3.7282805,4.3691241,5.95,3.69070,4.02145,3.38,5.8
1972-02-01,0.2166094,2.6305050,3.8415030,4.0052846,6.08,3.70078,3.97878,3.20,5.7
1972-03-01,0.2072067,2.5150143,4.0579163,3.5502853,6.07,3.70773,3.70370,3.73,5.8
1972-04-01,0.2324931,2.8258701,3.9714030,2.6570496,6.19,3.71760,3.69393,3.71,5.7
1972-05-01,0.2616260,3.1850842,3.8638634,2.8416251,6.13,3.71769,3.67454,3.69,5.7
1972-06-01,0.3497302,4.2784361,3.4885900,3.4279560,6.11,3.72032,3.92670,3.91,5.7
1972-07-01,0.3182442,3.8864891,3.4673409,3.7823500,6.11,3.71938,4.43864,3.98,5.6
1972-08-01,0.2710244,3.3012130,3.3661291,3.8212691,6.21,3.73302,4.15584,4.02,5.6
1972-09-01,0.1182262,1.4279758,3.1247262,2.8665283,6.55,3.74073,4.96084,4.66,5.5
1972-10-01,0.2354970,2.8628560,3.3311412,2.5275515,6.48,3.75350,4.69974,4.74,5.6
1972-11-01,0.2433698,2.9598474,3.2685359,2.4144906,6.28,3.76527,5.22193,4.78,5.3
1972-12-01,0.1998343,2.4245442,3.1478168,2.7488184,6.36,3.77647,6.47668,5.07,5.2
1973-01-01,0.1527841,1.8488939,2.8428027,2.4100903,6.46,3.78370,7.21649,5.41,4.9
1973-02-01,0.2539705,3.0905787,2.8811427,2.4534164,6.64,3.79796,8.16327,5.60,5.0
1973-03-01,0.2541846,3.0932206,2.9293741,2.6758879,6.71,3.79839,10.71429,6.09,4.9
1973-04-01,0.3321409,4.0593125,3.0317031,3.4133671,6.67,3.79702,10.94148,6.26,5.0
1973-05-01,0.4014821,4.9256061,3.1754232,4.0233531,6.85,3.80356,12.65823,6.36,4.9
1973-06-01,0.2751507,3.3522366,3.0987437,4.1103979,6.90,3.80485,14.60957,7.19,4.9
1973-07-01,0.2351241,2.8582634,3.0133197,3.7083006,7.13,3.80855,12.25000,8.01,4.8
1973-08-01,0.5721816,7.0864320,3.3227132,4.4153877,7.40,3.80715,18.45387,8.67,4.8
1973-09-01,0.7208333,9.0013107,3.9446079,6.2841374,7.09,3.81507,16.16915,8.29,4.8
1973-10-01,1.0268443,13.0424204,4.7652381,9.6821291,6.79,3.82311,15.46135,7.22,4.6
1973-11-01,0.3989099,4.8933532,4.9277945,8.9282130,6.73,3.82766,15.38462,7.83,4.8
1973-12-01,0.5629649,6.9687270,5.3080595,8.2468868,6.74,3.82483,15.32847,7.45,4.9
1974-01-01,0.6641780,8.2678261,5.8457769,6.7008972,6.99,3.81817,17.78846,7.77,5.1
1974-02-01,0.6761822,8.4228594,6.2915381,7.8844952,6.96,3.81513,17.92453,7.12,5.2
1974-03-01,0.7490105,9.3677997,6.8161627,8.6850767,7.21,3.81507,16.58986,7.96,5.1
1974-04-01,0.6031831,7.4832186,7.1047212,8.4218961,7.51,3.81214,16.97248,8.33,5.1
1974-05-01,0.9860484,12.4958604,7.7283156,9.7628967,7.58,3.82009,16.40449,8.23,5.1
1974-06-01,1.1017646,14.0525048,8.6163693,11.3082473,7.54,3.81819,14.28571,7.90,5.4
1974-07-01,1.0754823,13.6972257,9.5269948,13.4132369,7.81,3.82021,20.26726,7.55,5.5
1974-08-01,1.1012869,14.0460388,10.1032110,13.9318021,8.04,3.80955,17.68421,8.96,5.5
1974-09-01,1.1689859,14.9658250,10.5931101,14.2351118,8.04,3.80972,19.70021,8.06,5.9
1974-10-01,0.9979392,12.6549167,10.5614681,13.8849596,7.90,3.80655,22.89417,7.46,6.0
1974-11-01,0.7841721,9.8267142,10.9857272,12.4628194,7.68,3.77310,23.44086,7.47,6.6
1974-12-01,1.0253564,13.0224444,11.4960429,11.8255250,7.43,3.73649,20.88608,7.15,7.2
1975-01-01,0.7800458,9.7727680,11.6243786,10.8636315,7.50,3.72253,17.14286,6.26,8.1
1975-02-01,0.8202699,10.2996846,11.7841354,11.0225489,7.39,3.69945,14.40000,5.50,8.1
1975-03-01,0.5594287,6.9235988,11.5737885,8.9885358,7.73,3.68839,12.45059,5.49,8.6
1975-04-01,0.7154986,8.9320516,11.6983518,8.7095857,8.23,3.69031,12.74510,5.61,8.8
1975-05-01,0.2886101,3.5188292,10.9269313,6.4346086,8.06,3.68738,11.77606,5.23,9.0
1975-06-01,0.6515566,8.1050424,10.4329717,6.8251871,7.86,3.69369,11.53846,5.34,8.8
1975-07-01,0.4663363,5.7418196,9.7674314,5.7719946,8.06,3.70405,8.70370,6.13,8.6
1975-08-01,0.3213036,3.9245140,8.9205899,5.9099861,8.40,3.71385,5.54562,6.44,8.4
1975-09-01,0.7972961,9.9984559,8.5204212,6.5247336,8.43,3.72671,6.26118,6.42,8.4
1975-10-01,0.6155840,7.6423147,8.1095875,7.1591368,8.14,3.73104,5.09666,5.96,8.4
1975-11-01,0.7686710,9.6241835,8.0929598,9.0833992,8.05,3.73241,3.65854,5.48,8.3
1975-12-01,0.6442476,8.0108765,7.6851891,8.4223868,8.00,3.74588,4.18848,5.44,8.2
1976-01-01,0.7855237,9.8443905,7.6910424,9.1567463,7.74,3.75906,4.35540,4.87,7.9
1976-02-01,0.5231426,6.4615266,7.3736663,8.0967627,7.79,3.76909,4.72028,4.88,7.7
1976-03-01,0.5230418,6.4602452,7.3348137,7.5769792,7.73,3.77111,5.44815,5.00,7.6
1976-04-01,0.2582001,3.1427823,6.8474602,5.3431574,7.56,3.77624,5.39130,4.86,7.7
1976-05-01,0.3997674,4.9041038,6.9658871,4.8269445,7.90,3.78035,5.00864,5.20,7.4
1976-06-01,0.5622869,6.9600732,6.8710170,4.9907417,7.86,3.78140,5.51724,5.41,7.6
1976-07-01,0.6708738,8.3542776,7.0885938,6.7300575,7.83,3.78702,4.94037,5.23,7.8
1976-08-01,0.5685576,7.0401368,7.3525266,7.4495999,7.77,3.79383,4.06780,5.14,7.8
1976-09-01,0.5528503,6.8396923,7.0921835,7.4092741,7.59,3.79709,4.04040,5.08,7.6
1976-10-01,0.4147050,5.0915505,6.8783739,6.3201779,7.41,3.79684,3.51171,4.92,7.7
1976-11-01,0.5177403,6.3928892,6.6122290,6.1054464,7.29,3.81210,4.20168,4.75,7.8
1976-12-01,0.2519581,3.0657499,6.1966776,4.8411051,6.87,3.82278,4.69012,4.35,7.8
1977-01-01,0.6452837,8.0242208,6.0489082,5.8073987,7.21,3.81586,4.84140,4.62,7.5
1977-02-01,0.5263711,6.5025641,6.0523141,5.8437434,7.39,3.83159,6.01002,4.67,7.6
1977-03-01,0.5709793,7.0710714,6.1028884,7.1974492,7.46,3.84408,6.83333,4.60,7.4
1977-04-01,0.7096495,8.8561614,6.5806557,7.4719369,7.37,3.85380,7.09571,4.54,7.2
1977-05-01,0.5508519,6.8142150,6.7410414,7.5766640,7.46,3.86159,7.23684,4.96,7.0
1977-06-01,0.7310911,9.1345991,6.9202174,8.2633618,7.28,3.86925,6.20915,5.02,7.2
1977-07-01,0.6340907,7.8801451,6.8811508,7.9388229,7.33,3.87060,5.68182,5.19,6.9
1977-08-01,0.5229422,6.4589789,6.8326722,7.8190312,7.40,3.87153,5.86319,5.49,7.0
1977-09-01,0.5912682,7.3305613,6.8734894,7.2216303,7.34,3.87556,5.66343,5.81,6.8
1977-10-01,0.4867276,5.9996525,6.9501446,6.5949702,7.52,3.87710,5.97738,6.16,6.8
1977-11-01,0.5641265,6.9835559,6.9994991,6.7697658,7.58,3.87899,6.12903,6.10,6.8
1977-12-01,0.5934661,7.3587074,7.3639926,6.7790980,7.69,3.88068,5.92000,6.07,6.4
1978-01-01,0.6527785,8.1207912,7.3719877,7.4866447,7.96,3.86600,6.36943,6.44,6.4
1978-02-01,0.4973923,6.1347283,7.3410355,7.2016165,8.03,3.87141,6.29921,6.45,6.3
1978-03-01,0.6577087,8.1843606,7.4336032,7.4757300,8.04,3.89051,6.24025,6.29,6.3
1978-04-01,0.6910928,8.6157113,7.4138075,7.6394695,8.15,3.91017,6.31741,6.29,6.1
1978-05-01,0.7658607,9.5875018,7.6434914,8.7942777,8.35,3.91504,6.59509,6.41,6.0
1978-06-01,0.7644730,9.5693931,7.6791641,9.2565907,8.46,3.92148,7.69231,6.73,5.9
1978-07-01,0.8524766,10.7232464,7.9128385,9.9587256,8.64,3.92073,8.14132,7.01,6.2
1978-08-01,0.7686362,9.6237288,8.1765946,9.9708409,8.41,3.92473,8.30769,7.08,5.9
1978-09-01,0.9628051,12.1855440,8.5761482,10.8392112,8.42,3.92717,8.72894,7.85,6.0
1978-10-01,0.9127493,11.5199224,9.0364656,11.1044129,8.64,3.93481,9.45122,7.99,5.8
1978-11-01,0.7255833,9.0630130,9.2115248,10.9146592,8.81,3.94247,9.57447,8.64,5.9
1978-12-01,0.4520679,5.5617488,9.0580126,8.6873105,9.01,3.94751,9.81873,9.08,6.0
1979-01-01,0.6643186,8.2696406,9.0705163,7.6209747,9.10,3.94207,10.47904,9.35,5.9
1979-02-01,0.9588654,12.1330242,9.5713563,8.6214516,9.10,3.94697,10.96296,9.32,5.9
1979-03-01,0.7530543,9.4204876,9.6751452,9.9291725,9.12,3.95005,11.30690,9.48,5.8
1979-04-01,0.9149295,11.5488394,9.9189535,11.0279733,9.18,3.93818,11.44928,9.46,5.8
1979-05-01,0.9156753,11.5587321,10.0823766,10.8381046,9.25,3.94697,11.51079,9.61,5.6
1979-06-01,0.9354583,11.8214486,10.2691732,11.6429353,8.91,3.94713,11.42857,9.06,5.7
1979-07-01,1.0675675,13.5904340,10.5043474,12.3199274,8.95,3.94551,12.50000,9.24,5.7
1979-08-01,1.1620379,14.8711149,10.9357574,13.4207643,9.03,3.93897,13.06818,9.52,6.0
1979-09-01,1.0064586,12.7690009,10.9837230,13.7402319,9.33,3.93890,13.94366,10.26,5.9
1979-10-01,1.1614868,14.8636051,11.2572842,14.1636041,10.30,3.94580,14.34540,11.70,6.0
1979-11-01,1.3315306,17.2020558,11.9265883,14.9306338,10.65,3.94418,14.56311,11.79,5.9
1979-12-01,1.1768726,15.0734187,12.7341867,15.7082244,10.39,3.94487,14.71802,12.04,6.0
1980-01-01,1.3211162,17.0575917,13.4697357,16.4402895,10.80,3.95017,15.44715,12.00,6.3
1980-02-01,1.0743157,13.6814793,13.5994927,15.2625187,12.41,3.95054,16.02136,12.86,6.3
1980-03-01,1.4024308,18.1899071,14.3316674,16.2938007,12.75,3.94634,15.43536,15.20,6.3
1980-04-01,1.2887653,16.6098739,14.7552050,16.1453457,11.47,3.92631,14.17425,13.20,6.9
1980-05-01,1.2323188,15.8324435,15.1152728,16.8733013,10.18,3.90150,13.93548,8.58,7.5
1980-06-01,1.5131902,19.7483986,15.7741667,17.3847698,9.78,3.88851,13.71795,7.07,7.6
1980-07-01,-0.3647664,-4.2904400,14.1334102,9.9052446,10.25,3.88137,14.01515,8.06,7.8
1980-08-01,0.3953011,4.8481175,13.2683595,6.3151665,11.10,3.88456,14.94975,9.13,7.7
1980-09-01,0.8454033,10.6300956,13.0877526,3.5451468,11.51,3.90112,13.34981,10.27,7.5
1980-10-01,1.1582987,14.8201744,13.0841888,10.0231418,11.75,3.91374,13.03289,11.62,7.5
1980-11-01,1.1401414,14.5731030,12.8706018,13.3247375,12.68,3.93027,12.83293,13.73,7.5
1980-12-01,1.0107256,12.8261817,12.6852520,14.0696886,12.84,3.93685,12.47002,15.49,7.2
1981-01-01,0.7212459,9.0066702,12.0181006,12.1110827,12.57,3.93051,11.73709,15.02,7.5
1981-02-01,0.3625522,4.4384370,11.2292712,8.7028947,13.19,3.92639,10.58688,14.79,7.4
1981-03-01,0.5728912,7.0954996,10.3193415,6.8304078,13.12,3.93145,10.85714,13.36,7.4
1981-04-01,0.7298514,9.1184829,9.7105966,6.8669221,13.68,3.92723,11.61731,13.69,7.2
1981-05-01,1.1331853,14.4785798,9.6031606,10.1872280,14.10,3.93291,11.32503,16.30,7.5
1981-06-01,1.1510569,14.7215752,9.2121676,12.7429042,13.47,3.93811,11.04848,14.73,7.5
1981-07-01,1.4836286,19.3306069,11.2382303,16.1556648,14.28,3.94460,9.63455,14.95,7.2
1981-08-01,0.9192275,11.6058629,11.8187421,15.1758219,14.94,3.94333,8.19672,15.51,7.4
1981-09-01,1.2153679,15.5999096,12.2289637,15.4690123,15.32,3.93853,7.74264,14.70,7.6
1981-10-01,0.2905523,3.5428879,11.2662519,10.1340456,15.15,3.93077,6.57328,13.54,7.9
1981-11-01,0.4654723,5.7309089,10.5240353,8.1666164,13.39,3.91909,6.00858,10.86,8.3
1981-12-01,0.4000008,4.9070306,9.8557917,4.7230489,13.72,3.90819,5.33049,10.85,8.5
1982-01-01,0.3673894,4.4988561,9.4698434,5.0443502,14.59,3.88748,4.72689,12.28,8.6
1982-02-01,0.4267145,5.2424763,9.5398280,4.8823468,14.43,3.90769,3.85016,13.48,8.9
1982-03-01,-0.0233466,-0.2797992,8.8904305,3.1245136,13.86,3.90092,2.68041,12.68,9.0
1982-04-01,0.9062546,11.4338247,9.0811249,5.3570851,13.87,3.89164,1.63265,12.70,9.3
1982-05-01,1.1070587,14.1241922,9.0529450,8.2412085,13.62,3.88500,1.52594,12.09,9.4
1982-06-01,0.9890068,12.5354133,8.8782355,12.6924069,14.30,3.88242,1.52284,12.47,9.6
1982-07-01,0.5619382,6.9556238,7.8893862,11.1621277,13.95,3.87903,1.41414,11.35,9.8
1982-08-01,0.3951344,4.8460294,7.3290957,8.0641415,13.06,3.86991,1.31313,8.68,9.8
1982-09-01,-0.0572873,-0.6852859,5.9795682,3.6548760,12.34,3.86732,1.21457,7.92,10.1
1982-10-01,0.2899658,3.5356227,5.9789485,2.5380675,10.91,3.85773,1.31446,7.71,10.4
1982-11-01,-0.1738572,-2.0664520,5.3045330,0.2332076,10.55,3.85456,1.51822,8.07,10.8
1982-12-01,-0.6067474,-7.0428425,4.2486052,-1.9529101,10.54,3.84741,1.72065,7.94,10.8
1983-01-01,0.5368385,6.6357165,4.4246070,-0.9839330,10.46,3.86577,0.50150,7.86,10.4
1983-02-01,0.3609420,4.4183307,4.3562161,1.1550162,10.72,3.85964,0.70140,8.11,10.4
1983-03-01,0.1971116,2.3911510,4.5863315,4.4673603,10.51,3.86792,0.80321,8.35,10.3
1983-04-01,0.5216685,6.4427931,4.1877195,4.4043221,10.40,3.88050,0.80321,8.21,10.2
1983-05-01,0.2312940,2.8111097,3.2852709,3.8658815,10.38,3.88664,1.00200,8.19,10.1
1983-06-01,0.3018252,3.6826367,2.5824644,4.3007538,10.85,3.89271,1.00000,8.79,10.1
1983-07-01,0.3539737,4.3313647,2.3703214,3.6064968,11.38,3.90749,0.89641,9.08,9.4
1983-08-01,0.3195460,3.9026676,2.2932458,3.9718743,11.85,3.91928,1.49551,9.34,9.5
1983-09-01,0.3292904,4.0238411,2.6889154,4.0858015,11.65,3.93366,2.00000,9.00,9.2
1983-10-01,0.4350695,5.3475926,2.8374900,4.4226555,11.54,3.94139,1.99601,8.64,8.8
1983-11-01,0.4659570,5.7370296,3.4966047,5.0335883,11.69,3.94586,1.79462,8.76,8.5
1983-12-01,0.3142042,3.8362960,4.4555769,4.9704285,11.83,3.95080,1.79104,9.00,8.3
1984-01-01,0.5516835,6.8248157,4.4710005,5.4587976,11.67,3.97046,2.69461,8.90,8.0
1984-02-01,0.3976780,4.8779091,4.5092410,5.1724006,11.84,3.97497,2.68657,9.09,7.8
1984-03-01,0.3213503,3.9250950,4.6388265,5.2023726,12.32,3.97973,3.48606,9.52,7.8
1984-04-01,0.5152831,6.3616833,4.6321796,5.0501195,12.63,3.98571,3.58566,9.69,7.7
1984-05-01,0.2904803,3.5419969,4.6939646,4.6021769,13.41,3.99103,3.27381,9.83,7.4
1984-06-01,0.3775895,4.6263676,4.7730466,4.8369302,13.56,3.99466,2.97030,9.87,7.2
1984-07-01,0.4579130,5.6354824,4.8815629,4.5977883,13.36,3.99744,2.86278,10.12,7.5
1984-08-01,0.4499315,5.5348117,5.0178776,5.2645737,12.72,3.99864,1.96464,10.47,7.5
1984-09-01,0.4291565,5.2731899,5.1224107,5.4810508,12.52,3.99581,1.37255,10.37,7.3
1984-10-01,0.4005049,4.9133513,5.0862329,5.2401425,12.16,3.99540,1.17417,9.74,7.4
1984-11-01,0.3370520,4.1204516,4.9513998,4.7678895,11.57,3.99873,1.56709,8.61,7.2
1984-12-01,0.3939740,4.8314881,5.0348571,4.6211569,11.50,3.99922,1.17302,8.06,7.3
1985-01-01,0.2449137,2.9788780,4.7144098,3.9741351,11.38,3.99870,0.48591,7.76,7.3
1985-02-01,0.5373550,6.6422904,4.8600924,4.8068794,11.51,4.00163,0.09690,8.27,7.2
1985-03-01,0.4077254,5.0039279,4.9503752,4.8643144,11.86,4.00309,-0.76997,8.52,7.2
1985-04-01,0.3165280,3.8651635,4.7428503,5.1642929,11.43,4.00089,-0.67308,7.95,7.3
1985-05-01,0.5598811,6.9293718,5.0242111,5.2585759,10.85,4.00259,-0.57637,7.48,7.2
1985-06-01,0.3951373,4.8460657,5.0425712,5.2058011,10.16,4.00206,-0.67308,6.95,7.4
1985-07-01,0.3545187,4.3381631,4.9344581,5.3652609,10.31,3.99703,-0.95969,7.08,7.4
1985-08-01,0.4470503,5.4984924,4.9314483,4.8931658,10.33,4.00026,-1.05973,7.14,7.1
1985-09-01,0.2767948,3.3725729,4.7722561,4.3994607,10.37,4.00396,-1.25725,7.10,7.1
1985-10-01,0.5012147,6.1831801,4.8773511,5.0112358,10.24,4.00045,-0.48356,7.16,7.1
1985-11-01,0.5829560,7.2241808,5.1343823,5.5807146,9.78,4.00391,-0.28930,7.24,7.0
1985-12-01,0.2803812,3.4169472,5.0154258,5.5958198,9.26,4.01377,0.09662,7.10,7.0
1986-01-01,0.4983788,6.1472311,5.2809529,5.5839017,9.19,4.01900,-0.19342,7.07,6.7
1986-02-01,0.3733936,4.5738972,5.1092554,4.7067209,8.70,4.01211,-1.54889,7.06,7.2
1986-03-01,0.5063290,6.2480400,5.2124761,5.6535993,7.78,4.00502,-2.71581,6.56,7.2
1986-04-01,0.4501956,5.5381411,5.3526674,5.4511257,7.30,4.00615,-3.58180,6.06,7.1
1986-05-01,0.2467930,3.0020469,5.0246571,4.9201109,7.71,4.00806,-3.38164,6.15,7.2
1986-06-01,0.3972677,4.8727662,5.0268857,4.4654485,7.80,4.00416,-3.29138,6.21,7.2
1986-07-01,0.2910174,3.5486509,4.9604279,3.8048570,7.30,4.01036,-3.68217,5.83,7.0
1986-08-01,0.3159685,3.8582132,4.8234563,4.0916769,7.17,4.00865,-3.31061,5.53,6.9
1986-09-01,0.3954572,4.8500746,4.9474991,4.0841688,7.45,4.01139,-2.64447,5.21,7.0
1986-10-01,0.4381674,5.3865912,4.8816625,4.6963760,7.43,4.01564,-3.10982,5.18,7.0
1986-11-01,0.2890090,3.5237698,4.5751528,4.5838743,7.25,4.01955,-3.48162,5.35,6.9
1986-12-01,0.3568634,4.3674213,4.6549106,4.4231515,7.11,4.02906,-3.76448,5.53,6.6
1987-01-01,0.3420441,4.1826321,4.4921100,4.0239767,7.08,4.02519,-2.61628,5.43,6.6
1987-02-01,0.3346069,4.0900078,4.4517318,4.2132899,7.25,4.03843,-0.68830,5.59,6.6
1987-03-01,0.3372523,4.1229451,4.2760179,4.1318546,7.25,4.03978,0.89731,5.59,6.6
1987-04-01,0.5418892,6.7000186,4.3712037,4.9639083,8.02,4.04629,2.30924,5.64,6.3
1987-05-01,0.3027974,3.6946968,4.4295123,4.8308631,8.61,4.05252,2.60000,5.66,6.3
1987-06-01,0.1650657,1.9988708,4.1879845,4.1131217,8.40,4.05786,3.10310,5.67,6.2
1987-07-01,0.2821439,3.4387634,4.1787661,3.0413983,8.45,4.06461,4.12475,5.69,6.1
1987-08-01,0.4260160,5.2336931,4.2930512,3.5486637,8.76,4.07207,4.53172,6.04,6.0
1987-09-01,0.4078560,5.0055674,4.3059313,4.5562871,9.42,4.07599,4.32596,6.40,5.9
1987-10-01,0.4873250,6.0072149,4.3569820,5.4146216,9.52,4.08935,4.41324,6.13,6.0
1987-11-01,0.2627098,3.1984696,4.3296160,4.7306187,8.86,4.09427,4.40882,5.69,5.8
1987-12-01,0.3204386,3.9137617,4.2917492,4.3663710,8.99,4.09974,4.51354,5.77,5.7
1988-01-01,0.4204428,5.1636342,4.3732340,4.0887923,8.67,4.09948,4.07960,5.81,5.7
1988-02-01,0.3369087,4.1186674,4.3756285,4.3972562,8.21,4.10450,3.76238,5.66,5.7
1988-03-01,0.4000338,4.9074448,4.4409369,4.7289699,8.37,4.10669,3.65613,5.70,5.7
1988-04-01,0.4793517,5.9063231,4.3759742,4.9749316,8.72,4.11264,3.82728,5.91,5.4
1988-05-01,0.3572640,4.3724207,4.4326526,5.0601424,9.09,4.11062,3.80117,6.26,5.6
1988-06-01,0.3957048,4.8531775,4.6731182,5.0420239,8.92,4.11352,4.07767,6.46,5.4
1988-07-01,0.3087311,3.7683335,4.7008696,4.3303661,9.06,4.11367,4.25121,6.73,5.4
1988-08-01,0.4004892,4.9131553,4.6742562,4.5102281,9.26,4.11866,4.04624,7.06,5.6
1988-09-01,0.4528869,5.5720776,4.7212005,4.7485339,8.98,4.11543,4.24301,7.24,5.4
1988-10-01,0.3785932,4.6389216,4.6078874,5.0406557,8.80,4.11983,3.93852,7.35,5.4
1988-11-01,0.3921172,4.8082236,4.7429030,5.0056243,8.96,4.12236,3.93474,7.76,5.3
1988-12-01,0.3655802,4.4762550,4.7900347,4.6410456,9.11,4.12689,4.60653,8.07,5.3
1989-01-01,0.3803540,4.6609505,4.7482015,4.6483882,9.09,4.12984,5.64054,8.27,5.4
1989-02-01,0.3707525,4.5408827,4.7835332,4.5593347,9.17,4.12538,5.72519,8.53,5.2
1989-03-01,0.3683010,4.5102467,4.7504149,4.5706731,9.36,4.12795,6.29171,8.82,5.0
1989-04-01,0.3528039,4.3167711,4.6184880,4.4559197,9.18,4.12760,6.14367,8.65,5.2
1989-05-01,0.4764628,5.8697895,4.7427480,4.8966663,8.86,4.12207,6.29108,8.43,5.2
1989-06-01,0.3979671,4.8815339,4.7451082,5.0207395,8.28,4.12205,5.31716,8.15,5.3
1989-07-01,0.4511325,5.5499545,4.8938076,5.4329545,8.02,4.11234,4.54124,7.88,5.2
1989-08-01,0.3625293,4.4381500,4.8541488,4.9555520,8.11,4.12204,3.70370,7.90,5.2
1989-09-01,0.2763635,3.3672385,4.6698912,4.4479799,8.19,4.11870,3.97780,7.75,5.3
1989-10-01,0.5061808,6.2461603,4.8029334,4.6771226,8.01,4.11743,4.25139,7.64,5.3
1989-11-01,0.3869784,4.7438638,4.7975688,4.7791609,7.87,4.12079,4.06279,7.69,5.4
1989-12-01,0.3956883,4.8529702,4.8290064,5.2787833,7.84,4.12647,3.66972,7.63,5.4
1990-01-01,0.4539924,5.5860207,4.9059083,5.0602871,8.21,4.12123,3.98190,7.64,5.4
1990-02-01,0.3818998,4.6802924,4.9175592,5.0390283,8.47,4.13028,3.24910,7.74,5.3
1990-03-01,0.6303873,7.8325142,5.1915248,6.0246938,8.59,4.13503,2.42152,7.90,5.2
1990-04-01,0.4343334,5.3383270,5.2769854,5.9417213,8.79,4.13278,1.60285,7.77,5.4
1990-05-01,0.3712373,4.5469414,5.1667324,5.8967162,8.76,4.13573,1.23675,7.74,5.4
1990-06-01,0.5926836,7.3486857,5.3706977,5.7380978,8.48,4.13913,1.24004,7.73,5.2
1990-07-01,0.5902286,7.3172518,5.5166060,6.3961391,8.47,4.13746,1.50709,7.62,5.5
1990-08-01,0.6665797,8.2988280,5.8362708,7.6539601,8.75,4.14108,4.01786,7.45,5.7
1990-09-01,0.3655103,4.4753809,5.9303603,6.6847689,8.89,4.14129,5.33808,7.36,5.9
1990-10-01,0.3810783,4.6700129,5.7985062,5.8002432,8.72,4.13512,7.09220,7.17,5.9
1990-11-01,0.2774830,3.3810868,5.6831082,4.1739451,8.39,4.12257,6.56610,7.06,6.2
1990-12-01,0.3652740,4.4724291,5.6510921,4.1729640,8.08,4.11559,5.04425,6.74,6.3
1991-01-01,0.6101136,7.5721067,5.8152904,5.1269715,8.09,4.11225,3.56832,6.22,6.4
1991-02-01,0.4265513,5.2404238,5.8623588,5.7534761,7.85,4.10493,2.44755,5.94,6.6
1991-03-01,0.2614927,3.1834373,5.4742846,5.3167425,8.11,4.09929,1.75131,5.91,6.8
1991-04-01,0.2456764,2.9882798,5.2761604,3.7990697,8.04,4.10186,1.66521,5.65,6.7
1991-05-01,0.3200253,3.9086249,5.2224459,3.3593567,8.07,4.11184,1.65794,5.46,6.9
1991-06-01,0.3175544,3.8779175,4.9346539,3.5907265,8.28,4.11987,1.83727,5.57,6.9
1991-07-01,0.3781448,4.6333134,4.7134104,4.1393678,8.27,4.12261,1.39738,5.58,6.8
1991-08-01,0.3586430,4.3896312,4.3930945,4.2998119,7.90,4.12275,-0.25751,5.33,6.9
1991-09-01,0.4140622,5.0834782,4.4435948,4.7017467,7.65,4.13095,-1.94257,5.22,6.9
1991-10-01,0.2324890,2.8258199,4.2889920,4.0953495,7.53,4.12990,-3.64238,4.99,7.0
1991-11-01,0.3358343,4.1052889,4.3496776,4.0007500,7.42,4.12858,-3.08077,4.56,7.0
1991-12-01,0.3626675,4.4398766,4.3469677,3.7879917,7.09,4.12400,-2.35889,4.07,7.3
1992-01-01,0.3260070,3.9829969,4.0523087,4.1758752,7.03,4.11875,-2.85714,3.80,7.3
1992-02-01,0.2426472,2.9509417,3.8617651,3.7894000,7.34,4.12583,-1.02389,3.84,7.4
1992-03-01,0.3716174,4.5516929,3.9758443,3.8264267,7.54,4.13421,-0.08606,4.04,7.4
1992-04-01,0.3330208,4.0702637,4.0664388,3.8554638,7.48,4.14186,0.25862,3.75,7.4
1992-05-01,0.1850381,2.2431953,3.9264105,3.6169281,7.39,4.14515,0.60086,3.63,7.6
1992-06-01,0.2536320,3.0864024,3.8601886,3.1305857,7.26,4.14571,1.37457,3.66,7.8
1992-07-01,0.2903688,3.5406152,3.7693677,2.9553326,6.84,4.15473,1.55039,3.21,7.7
1992-08-01,0.2220380,2.6972362,3.6281201,3.1075087,6.59,4.14915,1.29088,3.13,7.6
1992-09-01,0.1438295,1.7396729,3.3492378,2.6565374,6.42,4.15235,1.63652,2.91,7.6
1992-10-01,0.5105204,6.3012228,3.6359146,3.5608925,6.59,4.15916,1.46048,2.86,7.3
1992-11-01,0.3295947,4.0276269,3.6294697,4.0061682,6.87,4.16298,1.20275,3.13,7.4
1992-12-01,0.2162270,2.6258049,3.4782626,4.3072533,6.77,4.16449,1.46678,3.22,7.4
1993-01-01,0.3746705,4.5898627,3.5284551,3.7444693,6.60,4.16842,2.07612,3.00,7.3
1993-02-01,0.2749859,3.3501981,3.5618538,3.5187837,6.26,4.17325,2.06897,2.93,7.1
1993-03-01,0.1511976,1.8295359,3.3344281,3.2503558,5.98,4.17227,2.23945,2.95,7.0
1993-04-01,0.4008028,4.9170871,3.4042378,3.3579216,5.97,4.17504,2.57954,2.87,7.1
1993-05-01,0.3095365,3.7783320,3.5327367,3.5004469,6.04,4.17131,2.13311,2.96,7.1
1993-06-01,0.2890634,3.5244434,3.5693269,4.0715297,5.96,4.17358,1.27119,3.07,7.0
1993-07-01,0.1483034,1.7942283,3.4226167,3.0285486,5.81,4.17614,1.10263,3.04,6.9
1993-08-01,0.3055646,3.7290312,3.5088108,3.0122311,5.68,4.17503,0.84962,3.02,6.8
1993-09-01,0.2730601,3.3263825,3.6423837,2.9464955,5.36,4.18014,0.59322,2.95,6.7
1993-10-01,0.2994508,3.6531876,3.4247373,3.5693863,5.33,4.18758,0.84674,3.02,6.8
1993-11-01,0.3407891,4.1669975,3.4362771,3.7149457,5.72,4.19222,1.01868,3.10,6.6
1993-12-01,0.3249330,3.9696395,3.5484759,3.9297260,5.77,4.19800,0.85034,3.06,6.5
1994-01-01,0.2072483,2.5155249,3.3757599,3.5480937,5.75,4.20109,0.93220,2.98,6.6
1994-02-01,0.3139417,3.8330356,3.4159204,3.4373160,5.97,4.20173,0.76014,3.25,6.6
1994-03-01,0.3005593,3.6669347,3.5701509,3.3368334,6.48,4.21169,0.84246,3.50,6.5
1994-04-01,0.1916517,2.3242175,3.3543975,3.2725134,6.97,4.21760,0.33529,3.68,6.4
1994-05-01,0.1844683,2.2362169,3.2255329,2.7403766,7.18,4.22225,0.16708,4.14,6.1
1994-06-01,0.2591450,3.1544481,3.1947385,2.5707948,7.10,4.22895,0.83682,4.14,6.1
1994-07-01,0.1862895,2.2585214,3.2338801,2.5488387,7.30,4.23021,1.25839,4.33,6.1
1994-08-01,0.3763325,4.6106463,3.3067141,3.3366674,7.24,4.23683,2.10615,4.48,6.0
1994-09-01,0.2221674,2.6988272,3.2542816,3.1843009,7.46,4.23979,1.93766,4.62,5.9
1994-10-01,0.2120095,2.5739905,3.1642643,3.2903003,7.74,4.24789,1.51134,4.95,5.8
1994-11-01,0.3057918,3.7318507,3.1282822,3.0002520,7.96,4.25460,2.10084,5.29,5.6
1994-12-01,0.1042635,1.2583612,2.9014466,2.5164182,7.81,4.26447,2.78246,5.60,5.5
1995-01-01,0.4436467,5.4556037,3.1442008,3.4675648,7.78,4.26638,3.19060,5.71,5.6
1995-02-01,0.2943926,3.5904762,3.1241001,3.4205386,7.47,4.26515,3.52054,5.77,5.4
1995-03-01,0.3427526,4.1914601,3.1674812,4.4096256,7.20,4.26661,3.50877,5.73,5.4
1995-04-01,0.3268399,3.9933561,3.3066846,3.9247965,7.06,4.26484,4.09357,5.65,5.8
1995-05-01,0.2316090,2.8149874,3.3552945,3.6648161,6.63,4.26969,4.17014,5.67,5.6
1995-06-01,0.2368233,2.8791894,3.3322835,3.2277635,6.17,4.27295,3.98340,5.47,5.6
1995-07-01,0.2392907,2.9095830,3.3869490,2.8679123,6.28,4.26877,3.81110,5.42,5.7
1995-08-01,0.2318579,2.8180511,3.2381411,2.8689341,6.49,4.28182,3.21782,5.40,5.7
1995-09-01,0.3324064,4.0626166,3.3516975,3.2618677,6.20,4.28571,3.47107,5.28,5.6
1995-10-01,0.3210129,3.9209007,3.4641161,3.5990256,6.04,4.28405,3.63937,5.28,5.5
1995-11-01,0.2242053,2.7238897,3.3799607,3.5673904,5.93,4.28658,3.20988,5.36,5.6
1995-12-01,0.1041364,1.2568196,3.3798295,2.6280822,5.71,4.28996,3.11731,5.14,5.6
1996-01-01,0.3438107,4.2046454,3.2770751,2.7214023,5.65,4.28457,2.76648,5.00,5.6
1996-02-01,0.2777487,3.3843745,3.2599362,2.9410884,5.81,4.29893,2.18623,4.83,5.5
1996-03-01,0.2208610,2.6827644,3.1345010,3.4220588,6.27,4.29748,2.01776,4.96,5.5
1996-04-01,0.2006485,2.4345315,3.0047781,2.8331045,6.51,4.30743,2.24719,4.95,5.6
1996-05-01,0.2734456,3.3311500,3.0477722,2.8154546,6.74,4.31501,2.56205,5.02,5.6
1996-06-01,0.2407262,2.9272699,3.0517846,2.8969971,6.91,4.32244,2.15483,5.09,5.3
1996-07-01,0.2739550,3.3374489,3.0874215,3.1984444,6.87,4.32246,2.15483,5.15,5.5
1996-08-01,0.2280190,2.7708059,3.0834733,3.0115647,6.64,4.32751,2.55795,5.05,5.1
1996-09-01,0.3125673,3.8159645,3.0630902,3.3071896,6.83,4.33376,2.39617,5.09,5.2
1996-10-01,0.2048399,2.4859619,2.9437418,3.0226608,6.53,4.33357,2.15483,4.99,5.2
1996-11-01,0.2598857,3.1635939,2.9803904,3.1537441,6.20,4.34247,2.23285,5.03,5.4
1996-12-01,0.1780444,2.1575798,3.0564220,2.6015244,6.30,4.34869,2.70485,4.91,5.4
1997-01-01,0.2035944,2.4706765,2.9124152,2.5964233,6.58,4.35045,2.69200,5.03,5.3
1997-02-01,0.1706133,2.0666816,2.8024649,2.2314996,6.42,4.36215,1.82250,5.01,5.2
1997-03-01,0.2716947,3.3095004,2.8546081,2.6143157,6.69,4.36843,0.71203,5.14,5.2
1997-04-01,0.2555077,3.1095494,2.9109204,2.8271302,6.89,4.36926,-0.31397,5.16,5.1
1997-05-01,0.2337719,2.8416143,2.8702031,3.0867098,6.71,4.37487,-0.54645,5.05,4.9
1997-06-01,0.2000361,2.4270192,2.8284456,2.7923440,6.49,4.37949,-0.62500,4.93,5.0
1997-07-01,0.1996418,2.4221829,2.7522393,2.5634172,6.22,4.38784,-0.85938,5.05,4.9
1997-08-01,0.1318720,1.5939922,2.6536708,2.1469796,6.30,4.39793,-0.85737,5.14,4.8
1997-09-01,0.2061835,2.5024539,2.5448043,2.1720496,6.21,4.40712,-0.54602,4.95,4.9
1997-10-01,0.2772455,3.3781493,2.6189007,2.4889430,6.03,4.41601,-0.15625,4.97,4.7
1997-11-01,0.1911823,2.3184658,2.5485808,2.7319847,5.88,4.42397,-0.23401,5.14,4.6
1997-12-01,0.2493128,3.0331202,2.6215356,2.9089645,5.81,4.42824,-1.78156,5.16,4.7
1998-01-01,0.2540200,3.0911899,2.6731780,2.8136573,5.54,4.43268,-3.31534,5.04,4.6
1998-02-01,0.1885400,2.2860893,2.6915526,2.8028117,5.57,4.43446,-2.72374,5.09,4.6
1998-03-01,0.2529000,3.0773704,2.6723043,2.8175267,5.65,4.43488,-2.04242,5.03,4.7
1998-04-01,0.2244500,2.7268994,2.6404978,2.6962759,5.64,4.43833,-1.65354,4.95,4.3
1998-05-01,0.2052900,2.4914863,2.6113320,2.7649702,5.65,4.44485,-1.80534,5.00,4.4
1998-06-01,0.1891700,2.2938079,2.6002045,2.5039116,5.50,4.43889,-1.88679,4.98,4.5
1998-07-01,0.2027000,2.4597017,2.6033359,2.4149619,5.46,4.43491,-1.57604,4.96,4.5
1998-08-01,0.1617800,1.9587275,2.6339821,2.2371999,5.34,4.45530,-2.35849,4.90,4.5
1998-09-01,0.1673600,2.0269097,2.5942180,2.1482056,4.81,4.45437,-2.90196,4.61,4.6
1998-10-01,0.2194200,2.6650494,2.5350563,2.2164012,4.53,4.46120,-2.97340,3.96,4.5
1998-11-01,0.1799700,2.1811456,2.5235817,2.2906740,4.83,4.46028,-3.36200,4.41,4.4
1998-12-01,0.1654700,2.0037580,2.4378230,2.2829170,4.65,4.46431,-3.15457,4.39,4.4
1999-01-01,0.2004800,2.4324290,2.3831160,2.2056280,4.72,4.46844,-1.99362,4.34,4.3
1999-02-01,0.1230900,1.4871380,2.3162340,1.9737090,5.00,4.47422,-2.16000,4.44,4.4
1999-03-01,0.1757600,2.1296170,2.2375070,2.0156320,5.23,4.47634,-1.68404,4.44,4.2
1999-04-01,0.2137500,2.5954220,2.2265920,2.0697140,5.18,4.47857,-1.04083,4.29,4.3
1999-05-01,0.1334700,1.6134440,2.1533180,2.1120400,5.54,4.48468,-0.31974,4.50,4.2
1999-06-01,0.1077100,1.3001820,2.0702640,1.8348580,5.90,4.48402,0.32051,4.57,4.3
1999-07-01,0.2428300,2.9531950,2.1111440,1.9530940,5.79,4.48987,0.64051,4.55,4.3
1999-08-01,0.1457900,1.7635440,2.0948390,2.0032700,5.94,4.49425,2.17391,4.72,4.2
1999-09-01,0.1437200,1.7383110,2.0707460,2.1501150,5.92,4.49010,3.39257,4.68,4.2
1999-10-01,0.1986700,2.4102950,2.0496200,1.9702430,6.11,4.50282,2.98387,4.86,4.1
1999-11-01,0.2763700,3.3673410,2.1478210,2.5031380,6.03,4.50814,3.80259,5.07,4.1
1999-12-01,0.1851000,2.2440090,2.1678480,2.6726910,6.28,4.51610,4.07166,5.20,4.0
2000-01-01,0.3649200,4.4679990,2.3355190,3.3557950,6.66,4.51535,4.39382,5.32,4.0
2000-02-01,0.1658500,2.0084310,2.3792210,2.9008760,6.52,4.51879,6.13246,5.55,4.1
2000-03-01,0.2775800,3.3823370,2.4832860,3.2813480,6.26,4.52269,6.68842,5.69,4.0
2000-04-01,0.1413500,1.7094200,2.4092390,2.3641450,5.99,4.52900,5.74434,5.66,3.8
2000-05-01,0.2795600,3.4067480,2.5586470,2.8297550,6.44,4.53190,5.53328,5.79,4.0
2000-06-01,0.2471400,3.0063240,2.7014920,2.7049360,6.10,4.53262,6.86901,5.69,4.0
2000-07-01,0.2540300,3.0913490,2.7129700,3.1679960,6.05,4.53085,6.36436,5.96,4.0
2000-08-01,0.3035900,3.7045340,2.8748180,3.2669340,5.83,4.52819,4.72813,6.09,4.1
2000-09-01,0.1653900,2.0028440,2.8970820,2.9305000,5.80,4.53241,5.23438,6.00,3.9
2000-10-01,0.2209300,2.6836330,2.9199410,2.7946280,5.74,4.52872,6.02976,6.11,3.9
2000-11-01,0.2278600,2.7687930,2.8701450,2.4845160,5.72,4.52894,5.22214,6.17,3.9
2000-12-01,0.2843900,3.4665340,2.9720890,2.9723900,5.24,4.52554,6.57277,5.77,3.9
2001-01-01,0.2736700,3.3339160,2.8784680,3.1893040,5.16,4.52060,9.11925,5.15,4.2
2001-02-01,0.2644500,3.2199870,2.9797420,3.3400960,5.10,4.51399,5.85516,4.88,4.2
2001-03-01,0.2602000,3.1674240,2.9618860,3.2404190,4.89,4.51150,3.89908,4.42,4.3
2001-04-01,0.2670300,3.2518950,3.0911120,3.2130960,5.14,4.50798,4.36113,3.87,4.4
2001-05-01,0.2629200,3.2010760,3.0740100,3.2067930,5.39,4.50270,3.95137,3.62,4.3
2001-06-01,0.3702800,4.5349370,3.2006190,3.6608040,5.28,4.49737,1.27055,3.49,4.5
2001-07-01,0.2610200,3.1775910,3.2078110,3.6359320,5.24,4.49128,-0.22438,3.51,4.6
2001-08-01,0.3462600,4.2351340,3.2517130,3.9809200,4.97,4.49040,0.37622,3.36,4.9
2001-09-01,0.2983300,3.6392640,3.3887460,3.6830930,4.73,4.48498,-1.03935,2.64,5.0
2001-10-01,0.3133300,3.8254500,3.4840660,3.8996510,4.57,4.48193,-3.76662,2.16,5.3
2001-11-01,0.3420800,4.1830460,3.6019990,3.8823420,4.65,4.47604,-3.85185,1.87,5.5
2001-12-01,0.2485000,3.0230540,3.5649210,3.6760470,5.09,4.47565,-5.94714,1.69,5.7
2002-01-01,0.2664500,3.2446620,3.5574630,3.4823680,5.04,4.48259,-8.21429,1.65,5.7
2002-02-01,0.2353800,2.8614120,3.5274360,3.0429220,4.91,4.48253,-6.55022,1.72,5.7
2002-03-01,0.2031000,2.4646130,3.4684800,2.8564020,5.28,4.49006,-4.48859,1.79,5.7
2002-04-01,0.2644600,3.2200730,3.4658220,2.8482360,5.21,4.49480,-4.10557,1.71,5.9
2002-05-01,0.2496500,3.0373280,3.4521320,2.9068340,5.16,4.49908,-4.38596,1.73,5.8
2002-06-01,0.1661100,2.0115890,3.2416920,2.7549510,4.93,4.50727,-3.39483,1.70,5.8
2002-07-01,0.2824000,3.4419030,3.2637060,2.8285080,4.65,4.50694,-1.64918,1.68,5.8
2002-08-01,0.2324500,2.8253890,3.1465950,2.7579560,4.26,4.50591,-1.42429,1.62,5.7
2002-09-01,0.1816500,2.2017430,3.0266060,2.8217650,3.87,4.50687,-0.75019,1.63,5.7
2002-10-01,0.2262700,2.7493350,2.9371940,2.5917790,3.94,4.50423,2.22563,1.58,5.7
2002-11-01,0.2320500,2.8204260,2.8243220,2.5901280,4.05,4.50970,2.54237,1.23,5.9
2002-12-01,0.2171400,2.6370810,2.7921640,2.7355860,4.03,4.50414,3.74707,1.19,6.0
2003-01-01,0.2527900,3.0759800,2.7781590,2.8443380,4.05,4.51236,5.29183,1.17,5.8
2003-02-01,0.1548800,1.8745090,2.6956200,2.5279870,3.90,4.51361,7.16511,1.17,5.9
2003-03-01,0.1284700,1.5526080,2.6191350,2.1656010,3.81,4.51087,8.78274,1.13,5.9
2003-04-01,0.0997600,1.2037610,2.4505730,1.5432560,3.96,4.50459,4.58716,1.13,6.0
2003-05-01,0.1400700,1.6939000,2.3385880,1.4832140,3.57,4.50424,4.51070,1.07,6.1
2003-06-01,0.0908500,1.0956430,2.2616970,1.3307670,3.33,4.50557,5.42399,0.92,6.3
2003-07-01,0.2495700,3.0362320,2.2282170,1.9387030,3.98,4.51072,4.95427,0.90,6.2
2003-08-01,0.1609500,1.9485700,2.1552870,2.0237260,4.45,4.50859,4.94297,0.95,6.1
2003-09-01,0.2003100,2.4303620,2.1743110,2.4707560,4.27,4.51505,4.68632,0.94,6.1
2003-10-01,0.2030900,2.4645430,2.1506810,2.2808870,4.29,4.51639,4.57958,0.92,6.0
2003-11-01,0.1096700,1.3239890,2.0259560,2.0715860,4.30,4.52316,4.35763,0.93,5.8
2003-12-01,0.1599900,1.9368310,1.9677670,1.9073880,4.27,4.52367,4.96614,0.90,5.7
2004-01-01,0.2351400,2.8584010,1.9498130,2.0377930,4.15,4.52533,4.50850,0.88,5.7
2004-02-01,0.2406900,2.9268160,2.0371570,2.5730210,4.08,4.53152,3.27035,0.93,5.6
2004-03-01,0.2162100,2.6255960,2.1265670,2.8035240,3.83,4.52761,1.34561,0.94,5.8
2004-04-01,0.2186700,2.6558520,2.2478830,2.7359990,4.35,4.53148,5.84795,0.94,5.6
2004-05-01,0.1212000,1.4641460,2.2286120,2.2470220,4.72,4.53886,7.38844,1.02,5.6
2004-06-01,0.2300600,2.7958720,2.3707930,2.3035400,4.73,4.53115,6.66667,1.27,5.6
2004-07-01,0.1361700,1.6463180,2.2549970,1.9670780,4.50,4.53850,7.04430,1.33,5.5
2004-08-01,0.1557300,1.8848620,2.2496710,2.1078180,4.28,4.53935,7.24638,1.48,5.4
2004-09-01,0.1829100,2.2171740,2.2319200,1.9158490,4.13,4.54047,6.64260,1.65,5.4
2004-10-01,0.2005600,2.4334400,2.2293330,2.1782430,4.10,4.54934,7.68126,1.76,5.5
2004-11-01,0.1728000,2.0933780,2.2937970,2.2479000,4.19,4.55179,8.99928,2.07,5.4
2004-12-01,0.1701600,2.0611470,2.3041880,2.1958500,4.23,4.55956,7.67025,2.19,5.4
2005-01-01,0.2396900,2.9144950,2.3088360,2.3555800,4.22,4.56308,6.71853,2.33,5.3
2005-02-01,0.2116000,2.5689560,2.2791460,2.5142660,4.17,4.57028,6.68543,2.54,5.4
2005-03-01,0.1765400,2.1391120,2.2386540,2.5403640,4.50,4.56886,7.40741,2.74,5.2
2005-04-01,0.2119900,2.5737400,2.2318370,2.4270660,4.34,4.57094,7.04420,2.78,5.2
2005-05-01,0.2372300,2.8841860,2.3503110,2.5318910,4.14,4.57187,5.10899,2.84,5.1
2005-06-01,0.0740500,0.8922681,2.1910080,2.1129680,4.00,4.57624,4.82337,2.97,5.0
2005-07-01,0.2356900,2.8652220,2.2925710,2.2096010,4.18,4.57306,6.03799,3.22,5.0
2005-08-01,0.1207100,1.4581840,2.2568040,1.7351850,4.26,4.57634,6.48649,3.44,4.9
2005-09-01,0.2512100,3.0565100,2.3265140,2.4574860,4.20,4.55678,9.81720,3.42,5.0
2005-10-01,0.1924400,2.3338330,2.3182180,2.2807540,4.46,4.56893,10.80000,3.71,5.0
2005-11-01,0.2772500,3.3782270,2.4249110,2.9219290,4.54,4.57987,8.12417,3.88,5.0
2005-12-01,0.2074500,2.5180350,2.4630420,2.7423580,4.47,4.58468,8.52197,3.89,4.9
2006-01-01,0.2218600,2.6950400,2.4448160,2.8631000,4.42,4.58626,8.88005,4.24,4.7
2006-02-01,0.2586700,3.1486060,2.4929380,2.7868840,4.57,4.58669,6.72823,4.43,4.8
2006-03-01,0.2570800,3.1290040,2.5753490,2.9906700,4.72,4.58895,5.53025,4.51,4.7
2006-04-01,0.3096300,3.7794640,2.6752900,3.3519170,4.99,4.59191,6.00000,4.60,4.7
2006-05-01,0.3379000,4.1309660,2.7784060,3.6789800,5.11,4.59216,7.45301,4.72,4.6
2006-06-01,0.3183300,3.8875620,3.0292840,3.9325600,5.11,4.59552,7.64744,4.79,4.6
2006-07-01,0.2939700,3.5852020,3.0891870,3.8676700,5.09,4.59487,6.71785,4.95,4.7
2006-08-01,0.2476600,3.0127560,3.2199010,3.4945370,4.88,4.59920,6.53553,4.96,4.7
2006-09-01,0.2387300,2.9026930,3.2070540,3.1664510,4.72,4.59739,1.97287,4.81,4.5
2006-10-01,0.2690500,3.2767470,3.2859680,3.0639460,4.73,4.59636,-2.40674,4.92,4.4
2006-11-01,0.1367500,1.6534090,3.1412520,2.6085960,4.60,4.59609,0.54979,4.94,4.5
2006-12-01,0.1828200,2.2160580,3.1159000,2.3798630,4.56,4.60629,1.59509,4.85,4.4
2007-01-01,0.2421100,2.9443020,3.1367340,2.2698920,4.76,4.60271,-0.18259,4.98,4.6
2007-02-01,0.2739300,3.3371160,3.1524280,2.8314420,4.72,4.61231,3.09023,5.03,4.5
2007-03-01,0.2060200,2.5004320,3.0998880,2.9267160,4.56,4.61408,4.37731,4.94,4.4
2007-04-01,0.1710600,2.0721310,2.9574650,2.6352170,4.69,4.62077,4.32136,4.87,4.5
2007-05-01,0.1592900,1.9283620,2.7741990,2.1666860,4.75,4.62131,4.52352,4.73,4.4
2007-06-01,0.1694900,2.0529400,2.6217140,2.0177910,5.10,4.62158,4.63576,4.61,4.6
2007-07-01,0.1997600,2.4236510,2.5253220,2.1347680,5.00,4.62001,4.97602,4.82,4.7
2007-08-01,0.1829700,2.2179040,2.4591640,2.2313860,4.67,4.62197,2.68017,4.20,4.6
2007-09-01,0.2542300,3.0937480,2.4750030,2.5777540,4.52,4.62441,4.89722,3.89,4.7
2007-10-01,0.2882500,3.5143840,2.4946320,2.9405930,4.53,4.62148,7.70654,3.90,4.7
2007-11-01,0.2880300,3.5116140,2.6494700,3.3730590,4.15,4.62710,8.74848,3.27,4.7
2007-12-01,0.2442400,2.9705120,2.7123960,3.3318530,4.10,4.62768,7.85024,3.00,5.0
2008-01-01,0.2765600,3.3696540,2.7476950,3.2836730,3.74,4.62644,10.36585,2.75,5.0
2008-02-01,0.1471000,1.7795540,2.6177380,2.7043470,3.74,4.62277,9.53237,2.12,4.9
2008-03-01,0.2755600,3.3572480,2.6889490,2.8327650,3.51,4.61957,10.98641,1.26,5.1
2008-04-01,0.2067200,2.5090220,2.7255050,2.5465820,3.68,4.61270,11.37690,1.29,5.0
2008-05-01,0.2251400,2.7354460,2.7930430,2.8666140,3.88,4.60651,13.44489,1.73,5.4
2008-06-01,0.3067800,3.7441380,2.9339310,2.9948060,4.10,4.60390,15.36249,1.86,5.6
2008-07-01,0.2743000,3.3417200,3.0105040,3.2729350,4.01,4.59935,17.36151,1.63,5.8
2008-08-01,0.2513100,3.0576980,3.0807650,3.3808020,3.89,4.58343,15.42923,1.72,6.1
2008-09-01,0.2453400,2.9841550,3.0716290,3.1277420,3.69,4.53858,13.48703,1.13,6.1
2008-10-01,0.1428700,1.7279740,2.9222130,2.5881220,3.81,4.54858,6.69720,0.67,6.5
2008-11-01,0.1466300,1.7738180,2.7771010,2.1603310,3.53,4.53541,-1.22905,0.19,6.8
2008-12-01,0.0856500,1.0326330,2.6145070,1.5109080,2.42,4.50675,-4.31131,0.03,7.3
2009-01-01,0.1998200,2.4243160,2.5359750,1.7420000,2.52,4.48155,-5.41436,0.13,7.8
2009-02-01,0.1535400,1.8581400,2.5425700,1.7700910,2.87,4.47555,-7.33443,0.30,8.3
2009-03-01,0.1730000,2.0959280,2.4377010,2.1258640,2.82,4.45978,-10.53752,0.21,8.7
2009-04-01,0.1306300,1.5788170,2.3599140,1.8440750,2.93,4.45191,-11.41959,0.16,9.0
2009-05-01,0.1408400,1.7032620,2.2738150,1.7924300,3.29,4.44199,-13.12309,0.18,9.4
2009-06-01,0.1147900,1.3862700,2.0780630,1.5560320,3.72,4.43882,-13.16708,0.18,9.5
2009-07-01,0.1094100,1.3209030,1.9102120,1.4700080,3.56,4.45068,-16.05839,0.18,9.5
2009-08-01,0.1006300,1.2143150,1.7570470,1.3071380,3.59,4.46175,-12.06030,0.17,9.6
2009-09-01,0.0934300,1.1269530,1.6028460,1.2206930,3.40,4.47029,-11.57948,0.12,9.8
2009-10-01,0.0505700,0.6085469,1.5092020,0.9829174,3.39,4.47256,-6.00858,0.07,10.0
2009-11-01,0.0009790,0.0117525,1.3615690,0.5813851,3.40,4.47664,0.33937,0.05,9.9
2009-12-01,0.0433900,0.5219505,1.3187750,0.3804042,3.59,4.48006,4.21299,0.05,9.9
2010-01-01,0.0534400,0.6431612,1.1707640,0.3919149,3.73,4.49077,6.25000,0.06,9.8
2010-02-01,0.0326900,0.3929762,1.0486840,0.5193108,3.69,4.49429,6.91081,0.11,9.8
2010-03-01,0.0508900,0.6124052,0.9255024,0.5494525,3.73,4.50132,9.04224,0.15,9.9
2010-04-01,0.0749800,0.9034529,0.8694130,0.6360610,3.85,4.50492,9.04790,0.16,9.9
2010-05-01,0.0652800,0.7861915,0.7933020,0.7672789,3.42,4.51854,8.19672,0.16,9.6
2010-06-01,0.0996100,1.2018730,0.7780127,0.9636875,3.20,4.52074,5.39920,0.12,9.4
2010-07-01,0.0757000,0.9121619,0.7440706,0.9665921,3.01,4.52456,6.72464,0.16,9.4
2010-08-01,0.0480200,0.5777336,0.6911158,0.8969338,2.70,4.52822,5.65714,0.16,9.5
2010-09-01,0.0663500,0.7990593,0.6638685,0.7628891,2.65,4.53102,6.20333,0.15,9.5
2010-10-01,0.0589900,0.7101279,0.6723344,0.6955992,2.54,4.52832,6.50685,0.13,9.4
2010-11-01,0.1509500,1.8264550,0.8233069,1.1106150,2.76,4.52903,5.80609,0.14,9.8
2010-12-01,0.0508100,0.6114211,0.8307821,1.0478360,3.29,4.53894,6.51319,0.14,9.3
2011-01-01,0.1757000,2.1289270,0.9539952,1.5201440,3.39,4.53677,5.93733,0.15,9.1
2011-02-01,0.1950300,2.3655980,1.1178290,1.6990020,3.58,4.53265,8.17680,0.13,9.0
2011-03-01,0.1123800,1.3569100,1.1799720,1.9495670,3.41,4.54296,8.67430,0.10,9.0
2011-04-01,0.1049700,1.2669310,1.2102950,1.6619290,3.46,4.53964,10.14100,0.06,9.1
2011-05-01,0.1105500,1.3346610,1.2560790,1.3194930,3.17,4.54087,10.44372,0.04,9.0
2011-06-01,0.1370500,1.6570210,1.2939500,1.4193950,3.00,4.54382,11.11717,0.04,9.1
2011-07-01,0.1986900,2.4105130,1.4184400,1.7997350,3.00,4.54856,11.13525,0.04,9.0
2011-08-01,0.2778700,3.3858870,1.6514420,2.4820320,2.30,4.55490,9.89724,0.02,9.0
2011-09-01,0.1353300,1.6360530,1.7215150,2.4749850,1.98,4.55413,10.16766,0.01,9.0
2011-10-01,0.1714500,2.0768560,1.8358440,2.3635750,2.15,4.56110,7.77063,0.02,8.8
2011-11-01,0.1505400,1.8215460,1.8354340,1.8446580,2.01,4.56099,7.29888,0.01,8.6
2011-12-01,0.2567800,3.1252370,2.0450780,2.3396620,1.98,4.56623,5.32420,0.01,8.5
2012-01-01,0.2427300,2.9519010,2.1133510,2.6312630,1.97,4.57223,4.15153,0.03,8.3
2012-02-01,0.0995800,1.2015770,2.0160800,2.4225390,1.97,4.57539,2.96221,0.09,8.3
2012-03-01,0.2171100,2.6366130,2.1227990,2.2605180,2.17,4.57017,2.51004,0.08,8.2
2012-04-01,0.1726000,2.0910110,2.1917960,1.9746830,2.05,4.57730,0.29542,0.08,8.2
2012-05-01,0.1070300,1.2919090,2.1882030,2.0050150,1.80,4.57944,-1.07790,0.09,8.2
2012-06-01,0.1867500,2.2642010,2.2389270,1.8814920,1.62,4.57961,-2.01079,0.09,8.2
2012-07-01,0.2198100,2.6698780,2.2604790,2.0736890,1.53,4.58161,-2.19941,0.10,8.2
2012-08-01,0.1902000,2.3063690,2.1710700,2.4133210,1.68,4.57753,-0.24606,0.10,8.1
2012-09-01,0.1825500,2.2127200,2.2192530,2.3961320,1.72,4.57699,0.34364,0.11,7.8
2012-10-01,0.1589700,1.9244400,2.2065250,2.1477140,1.75,4.58017,1.19344,0.10,7.8
2012-11-01,0.1399000,1.6917410,2.1956610,1.9427440,1.65,4.58403,0.19861,0.09,7.7
2012-12-01,0.1699200,2.0582540,2.1071270,1.8913660,1.72,4.58689,0.85085,0.07,7.9
2013-01-01,0.2022900,2.4546180,2.0659350,2.0677290,1.91,4.58674,0.89686,0.07,8.0
2013-02-01,0.1758300,2.1305420,2.1436830,2.2143260,1.98,4.59151,1.33929,0.10,7.7
2013-03-01,0.1712300,2.0741980,2.0969230,2.2196480,1.96,4.59559,-0.09794,0.09,7.5
2013-04-01,0.0110400,0.1325386,1.9322550,1.4414880,1.76,4.59456,-0.09818,0.06,7.6
2013-05-01,0.0803100,0.9679528,1.9050480,1.0551030,1.93,4.59551,1.08965,0.04,7.5
2013-06-01,0.1562700,1.8914930,1.8740460,0.9947737,2.30,4.59736,2.25225,0.05,7.5
2013-07-01,0.2112000,2.5640820,1.8652940,1.8057380,2.58,4.59410,2.14893,0.04,7.3
2013-08-01,0.2358800,2.8675970,1.9117450,2.4402440,2.74,4.60005,0.74001,0.04,7.2
2013-09-01,0.1594100,1.9297730,1.8882050,2.4530710,2.81,4.60538,-0.24462,0.02,7.2
2013-10-01,0.1378300,1.6665610,1.8666980,2.1533450,2.62,4.60421,-0.49140,0.05,7.2
2013-11-01,0.1637500,1.9827980,1.8909630,1.8596170,2.72,4.60675,-0.29732,0.07,6.9
2013-12-01,0.1516500,1.8350910,1.8723780,1.8280680,2.90,4.60890,0.24814,0.07,6.7
2014-01-01,0.1526800,1.8476160,1.8219440,1.8884800,2.86,4.60507,0.64198,0.04,6.6
2014-02-01,0.1436200,1.7371600,1.7892040,1.8066100,2.71,4.61261,0.68527,0.05,6.7
2014-03-01,0.2029600,2.4628450,1.8214450,2.0153750,2.72,4.62245,1.47059,0.05,6.7
2014-04-01,0.2116900,2.5700170,2.0257240,2.2560040,2.71,4.62328,2.35872,0.03,6.2
2014-05-01,0.1801600,2.1834660,2.1275180,2.4053130,2.56,4.62732,1.91083,0.03,6.3
2014-06-01,0.1711900,2.0736900,2.1427240,2.2755030,2.60,4.63062,1.95791,0.04,6.1
2014-07-01,0.1676400,2.0303080,2.0983190,2.0958010,2.54,4.63274,1.76125,0.03,6.2
2014-08-01,0.0991200,1.1959550,1.9590170,1.7658480,2.42,4.63115,1.37120,0.03,6.1
2014-09-01,0.1507200,1.8236900,1.9501700,1.6826980,2.53,4.63416,1.22609,0.02,5.9
2014-10-01,0.1882100,2.2820660,2.0014630,1.7662630,2.30,4.63435,0.44444,0.02,5.7
2014-11-01,0.1614800,1.9550200,1.9991470,2.0200770,2.33,4.64052,-0.14911,0.02,5.8
2014-12-01,0.1144200,1.3816880,1.9612260,1.8722440,2.21,4.64068,-2.47525,0.03,5.6
2015-01-01,0.1675500,2.0292330,1.9763650,1.7882350,1.88,4.63271,-5.78999,0.03,5.7
2015-02-01,0.1398400,1.6911040,1.9725170,1.7003310,1.98,4.62631,-7.09772,0.02,5.5
2015-03-01,0.2197500,2.6690910,1.9896060,2.1290050,2.04,4.62288,-7.48792,0.03,5.4
2015-04-01,0.2746700,3.3463240,2.0537100,2.5665870,1.94,4.61735,-8.35334,0.02,5.4
2015-05-01,0.1829600,2.2177200,2.0565610,2.7433320,2.20,4.61282,-7.01923,0.02,5.6
2015-06-01,0.2174900,2.6412850,2.1037320,2.7340560,2.36,4.60975,-6.48104,0.02,5.3
2015-07-01,0.1938700,2.3514550,2.1304750,2.4033340,2.32,4.61600,-6.77885,0.03,5.2
2015-08-01,0.1370800,1.6574420,2.1692070,2.2158930,2.17,4.61429,-7.29469,0.07,5.1
2015-09-01,0.2480900,3.0179850,2.2685360,2.3407870,2.17,4.61148,-8.38178,0.02,5.0
2015-10-01,0.2538100,3.0885440,2.3354920,2.5858700,2.07,4.60673,-7.81711,0.02,5.0
2015-11-01,0.2193500,2.6642220,2.3946250,2.9234160,2.26,4.59952,-7.56595,0.12,5.1
2015-12-01,0.1563400,1.8922450,2.4374970,2.5471400,2.24,4.59459,-6.85279,0.23,5.0
2016-01-01,0.1904100,2.3090460,2.4608790,2.2880180,2.09,4.59955,-4.89583,0.26,4.8
2016-02-01,0.2154700,2.6164540,2.5382530,2.2721510,1.78,4.59434,-5.12821,0.31,4.9
2016-03-01,0.2079800,2.5245290,2.5262140,2.4832620,1.89,4.58663,-4.90862,0.29,5.0
2016-04-01,0.2797700,3.4094410,2.5314300,2.8493750,1.81,4.58983,-4.03353,0.23,5.1
2016-05-01,0.2164200,2.6281850,2.5656780,2.8532940,1.81,4.58757,-4.18821,0.27,4.8
2016-06-01,0.2154800,2.6166830,2.5636290,2.8841010,1.64,4.59240,-3.69610,0.27,4.9
2016-07-01,0.1997600,2.4236420,2.5696550,2.5561270,1.50,4.59355,-3.19752,0.30,4.8
2016-08-01,0.2802900,3.4158740,2.7163470,2.8178370,1.56,4.59252,-2.76186,0.30,4.9
2016-09-01,0.1587400,1.9215690,2.6247990,2.5851520,1.63,4.59163,-1.16341,0.29,5.0
2016-10-01,0.1341100,1.6211990,2.5022680,2.3165470,1.76,4.59233,-0.42667,0.33,4.9
2016-11-01,0.2352900,2.8602570,2.5185640,2.1329810,2.14,4.58847,0.32310,0.45,4.7
2016-12-01,0.2215200,2.6908670,2.5852860,2.3893020,2.49,4.59553,2.56131,0.51,4.7
2017-01-01,0.2553200,3.1071750,2.6517390,2.8859580,2.43,4.59326,4.43593,0.51,4.7
2017-02-01,0.2279900,2.7704270,2.6645660,2.8559980,2.42,4.58940,5.68119,0.52,4.6
2017-03-01,-0.0145400,-0.1743745,2.4365860,1.8903440,2.48,4.59562,5.16200,0.74,4.4
2017-04-01,0.0830900,1.0016530,2.2356720,1.1920110,2.30,4.60559,5.34934,0.80,4.4
2017-05-01,0.1222800,1.4772720,2.1396340,0.7657870,2.30,4.60645,4.04749,0.89,4.4
2017-06-01,0.1982900,2.4055910,2.1221090,1.6265020,2.19,4.60853,3.19829,0.98,4.3
2017-07-01,0.2092500,2.5400610,2.1317770,2.1398800,2.32,4.60603,3.09004,1.07,4.3
2017-08-01,0.2245900,2.7286540,2.0750470,2.5580170,2.21,4.60149,3.85852,1.01,4.4
2017-09-01,0.1747400,2.1171400,2.0913540,2.4616320,2.20,4.60265,4.22686,1.03,4.3
2017-10-01,0.2186800,2.6559480,2.1775810,2.5002170,2.36,4.61501,4.39207,1.07,4.2
2017-11-01,0.1589900,1.9246190,2.0998030,2.2321010,2.35,4.61759,5.15298,1.23,4.2
2017-12-01,0.2385800,2.9008670,2.1171860,2.4929710,2.40,4.61993,4.30393,1.32,4.1
2018-01-01,0.2952100,3.6006230,2.1578230,2.8064030,2.58,4.61991,3.77556,1.41,4.0
2018-02-01,0.1939200,2.3520390,2.1231010,2.9499090,2.86,4.62234,4.01879,1.57,4.1
2018-03-01,0.2241800,2.7235600,2.3669250,2.8907440,2.84,4.62688,4.07311,1.70,4.0
2018-04-01,0.2049800,2.4876220,2.4915920,2.5209590,2.87,4.63817,3.78238,1.76,4.0
2018-05-01,0.1727100,2.0922920,2.5432120,2.4341600,2.98,4.62870,5.39419,1.86,3.8
2018-06-01,0.2067800,2.5097150,2.5518970,2.3630290,2.91,4.63692,5.47521,1.90,4.0
2018-07-01,0.1768600,2.1430880,2.5187530,2.2481960,2.89,4.63818,5.58140,1.96,3.8
2018-08-01,0.1402100,1.6956020,2.4324430,2.1155920,2.89,4.64495,4.95356,2.03,3.8
2018-09-01,0.2045100,2.4818690,2.4628810,2.1063450,3.00,4.64539,4.51745,2.13,3.7
2018-10-01,0.1720800,2.0845900,2.4152360,2.0868490,3.15,4.64371,4.97691,2.25,3.8
2018-11-01,0.2188200,2.6576900,2.4764180,2.4077690,3.12,4.64451,3.26697,2.33,3.8
2018-12-01,0.2187800,2.6571930,2.4561730,2.4661350,2.83,4.64482,2.39429,2.37,3.9
2019-01-01,0.2158000,2.6205970,2.3750540,2.6451590,2.71,4.63822,0.60637,2.37,4.0
2019-02-01,0.1947900,2.3627000,2.3759430,2.5467460,2.68,4.63303,-0.05018,2.39,3.8
2019-03-01,0.2055800,2.4950580,2.3569460,2.4927310,2.57,4.63314,0.75263,2.40,3.8
2019-04-01,0.2400500,2.9189210,2.3927730,2.5919530,2.53,4.62766,0.89865,2.38,3.7
2019-05-01,0.1415300,1.7116290,2.3609030,2.3739800,2.40,4.62906,-0.73819,2.35,3.6
2019-06-01,0.2378000,2.8912430,2.3925970,2.5057160,2.07,4.63028,-1.90989,2.17,3.6
2019-07-01,0.2583800,3.1450390,2.4759230,2.5807310,2.06,4.62503,-1.76211,2.10,3.7
2019-08-01,0.2911700,3.5505140,2.6303980,3.1952420,1.63,4.63260,-2.06490,1.95,3.6
2019-09-01,0.1972200,2.3924730,2.6229340,3.0282240,1.70,4.62947,-2.55403,1.89,3.5
2019-10-01,0.2937600,3.5826630,2.7475960,3.1737280,1.71,4.62092,-2.93255,1.65,3.6
2019-11-01,0.2426400,2.9509140,2.7720210,2.9742030,1.81,4.62644,-1.63124,1.54,3.6
2019-12-01,0.1998500,2.4247510,2.7526090,2.9850220,1.86,4.62441,-0.99502,1.54,3.6
2020-01-01,0.2527400,3.0754400,2.7904840,2.8166480,1.76,4.61845,0.10045,1.52,3.6
2020-02-01,0.2041600,2.4776760,2.8001010,2.6588660,1.50,4.62175,-1.25502,1.52,3.5
2020-03-01,0.0169200,0.2032129,2.6065530,1.9112290,0.87,4.58094,-3.83466,0.29,4.4
2020-04-01,-0.1773300,-2.1073020,2.1793230,0.1737051,0.66,4.43889,-8.21376,0.14,14.8
2020-05-01,-0.0203600,-0.2440532,2.0141400,-0.7211100,0.67,4.45447,-6.49479,0.13,13.2
2020-06-01,0.2175600,2.6422470,1.9935440,0.0779532,0.73,4.51824,-4.54319,0.16,11.0
2020-07-01,0.5412300,6.6915780,2.2812830,2.9907830,0.62,4.55392,-3.83657,0.13,10.2
2020-08-01,0.2243600,2.7257910,2.2131490,4.0028550,0.65,4.56361,-2.45984,0.10,8.4
2020-09-01,-0.0310500,-0.3720061,1.9802830,2.9746540,0.68,4.56322,-1.46169,0.11,7.8
2020-10-01,0.0646300,0.7783769,1.7473030,1.0359850,0.79,4.56981,-1.05740,0.10,6.8
2020-11-01,0.1936600,2.3488250,1.6975820,0.9122452,0.87,4.57423,-0.35176,0.09,6.7
2020-12-01,0.1043700,1.2596230,1.6006710,1.4601520,0.93,4.58705,0.75377,0.09,6.7
2021-01-01,0.0553000,0.6655785,1.4005690,1.4222840,1.08,4.59323,2.75966,0.08,6.4
2021-02-01,0.2086700,2.5329260,1.4051230,1.4830590,1.26,4.55920,7.06660,0.04,6.2
2021-03-01,0.2016000,2.4461830,1.5923660,1.8779140,1.61,4.58693,11.34127,0.03,6.1
2021-04-01,0.4289500,5.2705940,2.2093930,3.4083010,1.64,4.58835,17.46631,0.02,6.1
2021-05-01,0.3253600,3.9749660,2.5628250,3.8908300,1.62,4.59700,19.24708,0.02,5.8
2021-06-01,0.2129900,2.5860570,2.5581450,3.9380900,1.52,4.60165,19.71757,0.04,5.9
2021-07-01,0.3112900,3.8001210,2.3235970,3.4518660,1.32,4.60584,20.12953,0.05,5.4
2021-08-01,0.2330000,2.8321170,2.3324190,3.0714350,1.28,4.60558,20.13124,0.05,5.1
2021-09-01,0.2407600,2.9277270,2.6106620,3.1857370,1.37,4.59507,20.55141,0.04,4.7
2021-10-01,0.4517300,5.5574560,3.0076040,3.7647930,1.58,4.60871,22.37405,0.05,4.5
2021-11-01,0.3656100,4.4766260,3.1843840,4.3150120,1.56,4.61777,22.68633,0.05,4.1
2021-12-01,0.3683200,4.5104810,3.4564580,4.8469900,1.47,4.61705,20.36808,0.06,3.9
2022-01-01,0.5476000,6.7727990,3.9654980,5.2478440,1.76,4.61724,20.33838,0.15,4.0
2022-02-01,0.5121000,6.3212120,4.2803040,5.8636340,1.93,4.62346,19.97151,0.33,3.8
2022-03-01,0.4457000,5.4815020,4.5343440,6.1904880,2.13,4.63155,20.93674,0.44,3.6
2022-04-01,0.5918800,7.3384020,4.7039350,6.3776640,2.75,4.63378,21.75769,0.76,3.7
2022-05-01,0.5620700,6.9573010,4.9509740,6.5893850,2.90,4.63440,21.49889,0.98,3.6
2022-06-01,0.6382400,7.9335670,5.3963300,7.4090060,3.14,4.63300,22.43381,1.49,3.6
2022-07-01,0.4963100,6.1210450,5.5907300,7.0014090,2.90,4.63522,17.43541,2.23,3.5
2022-08-01,0.5752900,7.1261010,5.9513120,7.0576690,2.90,4.63638,15.47930,2.63,3.6
2022-09-01,0.6160900,7.6487800,6.3480170,6.9634280,3.52,4.63989,13.67120,3.13,3.5
2022-10-01,0.4186000,5.1404870,6.3129460,6.6329600,3.98,4.63903,10.22852,3.72,3.6
2022-11-01,0.4690800,5.7764240,6.4225430,6.1832450,3.89,4.63576,8.16731,4.15,3.6
2022-12-01,0.4773700,5.8812110,6.5381670,5.5988660,3.62,4.62327,6.86133,4.25,3.5
2023-01-01,0.4998400,6.1656910,6.4875540,5.9409810,3.53,4.63228,5.58890,4.54,3.4
2023-02-01,0.5474400,6.7707380,6.5250000,6.2719000,3.75,4.63279,2.37829,4.65,3.6
2023-03-01,0.3193000,3.8995890,6.3909460,5.6047420,3.66,4.63292,-1.13532,4.69,3.5
2023-04-01,0.4720700,5.8141990,6.2642240,5.4880690,3.46,4.63690,-3.16686,4.92,3.4
2023-05-01,0.2886100,3.5188000,5.9752550,4.4060510,3.57,4.63454,-7.16594,5.14,3.7
2023-06-01,0.2692400,3.2791580,5.5866840,4.1978180,3.75,4.62870,-9.41692,5.16,3.6
2023-07-01,0.3241000,3.9593040,5.4057510,3.5853710,3.90,4.63543,-6.77222,5.25,3.5
2023-08-01,0.3524600,4.3125060,5.1722250,3.8494360,4.17,4.63565,-4.40222,5.30,3.8
2023-09-01,0.4128400,5.0680870,4.9597700,4.4456100,4.38,4.63772,-3.34605,5.32,3.8
2023-10-01,0.3450800,4.2205050,4.8829280,4.5330100,4.80,4.63062,-3.72329,5.34,3.8
2023-11-01,0.2826300,3.4447970,4.6882930,4.2423550,4.50,4.63363,-3.91439,5.27,3.7
2023-12-01,0.3488600,4.2675260,4.5543960,3.9769240,4.02,4.63114,-3.11403,5.24,3.7
2024-01-01,0.5474406,6.7707381,4.6039224,4.8181896,4.06,4.61989,-3.42816,5.22,3.7
2024-02-01,0.3544082,4.3367848,4.4031024,5.1186047,4.21,4.63207,-1.44702,5.24,3.9
2024-03-01,0.4212579,5.1738772,4.5092125,5.4223094,4.21,4.63004,-0.76519,5.24,3.8
2024-04-01,0.3789873,4.6438518,4.4123945,4.7176008,4.54,4.62846,0.02725,5.24,3.9
2024-05-01,0.1825958,2.2132888,4.3020234,4.0023108,4.48,4.63453,0.64769,5.25,4.0
2024-06-01,0.1969981,2.3897603,4.2268758,3.0763905,4.31,4.63719,0.80911,5.24,4.1
2024-07-01,0.2644959,3.2205322,4.1649508,2.6069222,4.25,4.63019,1.37333,5.20,4.3
2024-08-01,0.2934582,3.5788960,4.1037059,3.0618577,3.87,4.63554,-0.87318,5.05,4.2
2024-09-01,0.3232956,3.9492788,4.0108733,3.5824752,3.72,4.63014,-2.41143,4.72,4.1
2024-10-01,0.3012616,3.6756454,3.9654510,3.7344882,4.10,4.62607,-0.79548,4.51,4.1
2024-11-01,0.1949462,2.3646004,3.8745456,3.3275204,4.36,4.62460,0.21752,4.42,4.2
